customer_id,churn_prediction,churn_probability,risk_level,business_action,prediction_interpretation
767114958,0,2e-06,Low Risk,Regular customer relationship maintenance,Customer is likely to remain with the bank
708123033,0,5e-06,Low Risk,Regular customer relationship maintenance,Customer is likely to remain with the bank
715424283,0,0.000106,Low Risk,Regular customer relationship maintenance,Customer is likely to remain with the bank
717865008,0,0.0,Low Risk,Regular customer relationship maintenance,Customer is likely to remain with the bank
710188308,0,0.000101,Low Risk,Regular customer relationship maintenance,Customer is likely to remain with the bank
716574033,0,0.000109,Low Risk,Regular customer relationship maintenance,Customer is likely to remain with the bank
713183508,0,0.0,Low Risk,Regular customer relationship maintenance,Customer is likely to remain with the bank
718583133,0,1.5e-05,Low Risk,Regular customer relationship maintenance,Customer is likely to remain with the bank
783554958,0,0.0,Low Risk,Regular customer relationship maintenance,Customer is likely to remain with the bank
714418158,0,1.7e-05,Low Risk,Regular customer relationship maintenance,Customer is likely to remain with the bank
710061783,1,0.999998,High Risk,Immediate retention campaign required,Customer is likely to churn based on behavioral patterns
716225433,0,2e-06,Low Risk,Regular customer relationship maintenance,Customer is likely to remain with the bank
788327358,0,0.000205,Low Risk,Regular customer relationship maintenance,Customer is likely to remain with the bank
714847983,0,0.0,Low Risk,Regular customer relationship maintenance,Customer is likely to remain with the bank
720031908,0,0.0,Low Risk,Regular customer relationship maintenance,Customer is likely to remain with the bank
713700258,0,0.0,Low Risk,Regular customer relationship maintenance,Customer is likely to remain with the bank
721265883,0,4.3e-05,Low Risk,Regular customer relationship maintenance,Customer is likely to remain with the bank
715321008,1,1.0,High Risk,Immediate retention campaign required,Customer is likely to churn based on behavioral patterns
717831783,0,2.3e-05,Low Risk,Regular customer relationship maintenance,Customer is likely to remain with the bank
711480108,0,0.0,Low Risk,Regular customer relationship maintenance,Customer is likely to remain with the bank
797638383,0,2e-06,Low Risk,Regular customer relationship maintenance,Customer is likely to remain with the bank
709950858,0,0.0,Low Risk,Regular customer relationship maintenance,Customer is likely to remain with the bank
717060858,1,0.999991,High Risk,Immediate retention campaign required,Customer is likely to churn based on behavioral patterns
716045508,0,0.000408,Low Risk,Regular customer relationship maintenance,Customer is likely to remain with the bank
787482033,1,0.999992,High Risk,Immediate retention campaign required,Customer is likely to churn based on behavioral patterns
719601708,0,0.0,Low Risk,Regular customer relationship maintenance,Customer is likely to remain with the bank
717683583,0,1e-06,Low Risk,Regular customer relationship maintenance,Customer is likely to remain with the bank
813905508,0,3.8e-05,Low Risk,Regular customer relationship maintenance,Customer is likely to remain with the bank
769985883,1,0.849688,High Risk,Immediate retention campaign required,Customer is likely to churn based on behavioral patterns
718927533,0,5.2e-05,Low Risk,Regular customer relationship maintenance,Customer is likely to remain with the bank
784868958,0,0.0,Low Risk,Regular customer relationship maintenance,Customer is likely to remain with the bank
787539333,0,1e-06,Low Risk,Regular customer relationship maintenance,Customer is likely to remain with the bank
789871233,0,0.0,Low Risk,Regular customer relationship maintenance,Customer is likely to remain with the bank
826061508,0,3.7e-05,Low Risk,Regular customer relationship maintenance,Customer is likely to remain with the bank
716354883,1,1.0,High Risk,Immediate retention campaign required,Customer is likely to churn based on behavioral patterns
717678408,0,0.0,Low Risk,Regular customer relationship maintenance,Customer is likely to remain with the bank
715341858,0,1.3e-05,Low Risk,Regular customer relationship maintenance,Customer is likely to remain with the bank
713003358,1,1.0,High Risk,Immediate retention campaign required,Customer is likely to churn based on behavioral patterns
713374533,0,5e-06,Low Risk,Regular customer relationship maintenance,Customer is likely to remain with the bank
709985133,0,6e-06,Low Risk,Regular customer relationship maintenance,Customer is likely to remain with the bank
771204108,0,0.0,Low Risk,Regular customer relationship maintenance,Customer is likely to remain with the bank
713758758,0,4e-06,Low Risk,Regular customer relationship maintenance,Customer is likely to remain with the bank
709453833,0,0.0,Low Risk,Regular customer relationship maintenance,Customer is likely to remain with the bank
713227233,0,1e-06,Low Risk,Regular customer relationship maintenance,Customer is likely to remain with the bank
714967233,1,0.979334,High Risk,Immediate retention campaign required,Customer is likely to churn based on behavioral patterns
714358008,0,0.000301,Low Risk,Regular customer relationship maintenance,Customer is likely to remain with the bank
779514558,0,1.3e-05,Low Risk,Regular customer relationship maintenance,Customer is likely to remain with the bank
794498733,0,5e-06,Low Risk,Regular customer relationship maintenance,Customer is likely to remain with the bank
793015083,0,0.0,Low Risk,Regular customer relationship maintenance,Customer is likely to remain with the bank
789212883,1,1.0,High Risk,Immediate retention campaign required,Customer is likely to churn based on behavioral patterns
718677858,0,0.0,Low Risk,Regular customer relationship maintenance,Customer is likely to remain with the bank
713675658,0,7.8e-05,Low Risk,Regular customer relationship maintenance,Customer is likely to remain with the bank
719523108,0,0.000125,Low Risk,Regular customer relationship maintenance,Customer is likely to remain with the bank
708390633,0,1e-06,Low Risk,Regular customer relationship maintenance,Customer is likely to remain with the bank
715098333,0,2e-06,Low Risk,Regular customer relationship maintenance,Customer is likely to remain with the bank
712060158,0,2e-06,Low Risk,Regular customer relationship maintenance,Customer is likely to remain with the bank
716831508,0,0.000243,Low Risk,Regular customer relationship maintenance,Customer is likely to remain with the bank
778172583,0,0.0,Low Risk,Regular customer relationship maintenance,Customer is likely to remain with the bank
789430083,0,1e-06,Low Risk,Regular customer relationship maintenance,Customer is likely to remain with the bank
709996833,1,0.999693,High Risk,Immediate retention campaign required,Customer is likely to churn based on behavioral patterns
708890133,0,2e-06,Low Risk,Regular customer relationship maintenance,Customer is likely to remain with the bank
773332908,0,0.0,Low Risk,Regular customer relationship maintenance,Customer is likely to remain with the bank
715870758,0,5e-06,Low Risk,Regular customer relationship maintenance,Customer is likely to remain with the bank
789363408,0,0.0,Low Risk,Regular customer relationship maintenance,Customer is likely to remain with the bank
779118708,0,3e-06,Low Risk,Regular customer relationship maintenance,Customer is likely to remain with the bank
710544033,0,0.0,Low Risk,Regular customer relationship maintenance,Customer is likely to remain with the bank
717500133,0,0.0,Low Risk,Regular customer relationship maintenance,Customer is likely to remain with the bank
712046808,1,0.999985,High Risk,Immediate retention campaign required,Customer is likely to churn based on behavioral patterns
815484783,0,1e-06,Low Risk,Regular customer relationship maintenance,Customer is likely to remain with the bank
713843283,0,3.1e-05,Low Risk,Regular customer relationship maintenance,Customer is likely to remain with the bank
717260058,0,0.0001,Low Risk,Regular customer relationship maintenance,Customer is likely to remain with the bank
773383158,0,0.000534,Low Risk,Regular customer relationship maintenance,Customer is likely to remain with the bank
711041508,0,0.0,Low Risk,Regular customer relationship maintenance,Customer is likely to remain with the bank
816843933,0,4e-05,Low Risk,Regular customer relationship maintenance,Customer is likely to remain with the bank
715043508,0,3e-05,Low Risk,Regular customer relationship maintenance,Customer is likely to remain with the bank
717241233,0,3e-06,Low Risk,Regular customer relationship maintenance,Customer is likely to remain with the bank
717521508,0,4e-05,Low Risk,Regular customer relationship maintenance,Customer is likely to remain with the bank
708331758,0,2.5e-05,Low Risk,Regular customer relationship maintenance,Customer is likely to remain with the bank
715571583,0,3e-06,Low Risk,Regular customer relationship maintenance,Customer is likely to remain with the bank
711146358,0,0.000192,Low Risk,Regular customer relationship maintenance,Customer is likely to remain with the bank
789594108,0,7e-06,Low Risk,Regular customer relationship maintenance,Customer is likely to remain with the bank
779327733,0,0.000109,Low Risk,Regular customer relationship maintenance,Customer is likely to remain with the bank
711391308,0,0.0,Low Risk,Regular customer relationship maintenance,Customer is likely to remain with the bank
718994583,0,8.9e-05,Low Risk,Regular customer relationship maintenance,Customer is likely to remain with the bank
718212633,0,1e-06,Low Risk,Regular customer relationship maintenance,Customer is likely to remain with the bank
711861258,0,0.002527,Low Risk,Regular customer relationship maintenance,Customer is likely to remain with the bank
718123608,0,0.0,Low Risk,Regular customer relationship maintenance,Customer is likely to remain with the bank
718958583,1,0.994556,High Risk,Immediate retention campaign required,Customer is likely to churn based on behavioral patterns
772207683,0,0.000117,Low Risk,Regular customer relationship maintenance,Customer is likely to remain with the bank
719629308,1,0.999837,High Risk,Immediate retention campaign required,Customer is likely to churn based on behavioral patterns
708303108,0,0.00198,Low Risk,Regular customer relationship maintenance,Customer is likely to remain with the bank
788957358,0,8.9e-05,Low Risk,Regular customer relationship maintenance,Customer is likely to remain with the bank
708727983,0,0.0,Low Risk,Regular customer relationship maintenance,Customer is likely to remain with the bank
714217908,0,0.0004,Low Risk,Regular customer relationship maintenance,Customer is likely to remain with the bank
708928908,0,5.4e-05,Low Risk,Regular customer relationship maintenance,Customer is likely to remain with the bank
712411908,0,0.0,Low Risk,Regular customer relationship maintenance,Customer is likely to remain with the bank
771075258,0,2e-06,Low Risk,Regular customer relationship maintenance,Customer is likely to remain with the bank
717866133,0,3e-06,Low Risk,Regular customer relationship maintenance,Customer is likely to remain with the bank
713652783,0,6.1e-05,Low Risk,Regular customer relationship maintenance,Customer is likely to remain with the bank
714076683,1,0.999998,High Risk,Immediate retention campaign required,Customer is likely to churn based on behavioral patterns
803963808,0,1e-06,Low Risk,Regular customer relationship maintenance,Customer is likely to remain with the bank
778968408,0,1e-05,Low Risk,Regular customer relationship maintenance,Customer is likely to remain with the bank
720064158,0,0.0,Low Risk,Regular customer relationship maintenance,Customer is likely to remain with the bank
778921908,0,1.3e-05,Low Risk,Regular customer relationship maintenance,Customer is likely to remain with the bank
770878458,0,0.0,Low Risk,Regular customer relationship maintenance,Customer is likely to remain with the bank
786087633,0,1e-06,Low Risk,Regular customer relationship maintenance,Customer is likely to remain with the bank
788752833,0,7.4e-05,Low Risk,Regular customer relationship maintenance,Customer is likely to remain with the bank
766006758,0,2e-06,Low Risk,Regular customer relationship maintenance,Customer is likely to remain with the bank
710342508,0,1e-06,Low Risk,Regular customer relationship maintenance,Customer is likely to remain with the bank
711422358,0,1.1e-05,Low Risk,Regular customer relationship maintenance,Customer is likely to remain with the bank
778574283,0,2e-06,Low Risk,Regular customer relationship maintenance,Customer is likely to remain with the bank
709987683,1,1.0,High Risk,Immediate retention campaign required,Customer is likely to churn based on behavioral patterns
821168733,0,0.0,Low Risk,Regular customer relationship maintenance,Customer is likely to remain with the bank
717765183,0,1e-05,Low Risk,Regular customer relationship maintenance,Customer is likely to remain with the bank
708723858,0,2.8e-05,Low Risk,Regular customer relationship maintenance,Customer is likely to remain with the bank
720618033,0,5.9e-05,Low Risk,Regular customer relationship maintenance,Customer is likely to remain with the bank
718899708,0,2.7e-05,Low Risk,Regular customer relationship maintenance,Customer is likely to remain with the bank
716437533,0,0.001466,Low Risk,Regular customer relationship maintenance,Customer is likely to remain with the bank
717491058,0,1e-06,Low Risk,Regular customer relationship maintenance,Customer is likely to remain with the bank
711029358,0,0.001148,Low Risk,Regular customer relationship maintenance,Customer is likely to remain with the bank
716768808,0,0.0,Low Risk,Regular customer relationship maintenance,Customer is likely to remain with the bank
801056358,0,0.0,Low Risk,Regular customer relationship maintenance,Customer is likely to remain with the bank
779210283,0,0.0,Low Risk,Regular customer relationship maintenance,Customer is likely to remain with the bank
718441308,0,0.0,Low Risk,Regular customer relationship maintenance,Customer is likely to remain with the bank
713241033,0,0.000259,Low Risk,Regular customer relationship maintenance,Customer is likely to remain with the bank
711064008,0,2.5e-05,Low Risk,Regular customer relationship maintenance,Customer is likely to remain with the bank
772137183,1,0.99999,High Risk,Immediate retention campaign required,Customer is likely to churn based on behavioral patterns
788739633,1,0.999984,High Risk,Immediate retention campaign required,Customer is likely to churn based on behavioral patterns
708953883,1,0.999999,High Risk,Immediate retention campaign required,Customer is likely to churn based on behavioral patterns
716549058,0,3e-06,Low Risk,Regular customer relationship maintenance,Customer is likely to remain with the bank
824789283,0,1e-06,Low Risk,Regular customer relationship maintenance,Customer is likely to remain with the bank
788252358,0,0.0,Low Risk,Regular customer relationship maintenance,Customer is likely to remain with the bank
819752133,0,0.0,Low Risk,Regular customer relationship maintenance,Customer is likely to remain with the bank
716944983,0,0.000114,Low Risk,Regular customer relationship maintenance,Customer is likely to remain with the bank
716545383,0,6e-05,Low Risk,Regular customer relationship maintenance,Customer is likely to remain with the bank
720836808,0,1e-06,Low Risk,Regular customer relationship maintenance,Customer is likely to remain with the bank
783361533,0,0.0,Low Risk,Regular customer relationship maintenance,Customer is likely to remain with the bank
710893533,0,0.018025,Low Risk,Regular customer relationship maintenance,Customer is likely to remain with the bank
709793133,0,5e-06,Low Risk,Regular customer relationship maintenance,Customer is likely to remain with the bank
716609433,1,1.0,High Risk,Immediate retention campaign required,Customer is likely to churn based on behavioral patterns
715222533,1,1.0,High Risk,Immediate retention campaign required,Customer is likely to churn based on behavioral patterns
713597658,1,0.999959,High Risk,Immediate retention campaign required,Customer is likely to churn based on behavioral patterns
720837708,0,8.2e-05,Low Risk,Regular customer relationship maintenance,Customer is likely to remain with the bank
786546783,0,0.003139,Low Risk,Regular customer relationship maintenance,Customer is likely to remain with the bank
778747608,0,4e-06,Low Risk,Regular customer relationship maintenance,Customer is likely to remain with the bank
801385458,0,1e-06,Low Risk,Regular customer relationship maintenance,Customer is likely to remain with the bank
720844008,0,0.0,Low Risk,Regular customer relationship maintenance,Customer is likely to remain with the bank
754443033,1,0.999833,High Risk,Immediate retention campaign required,Customer is likely to churn based on behavioral patterns
799486158,0,1.2e-05,Low Risk,Regular customer relationship maintenance,Customer is likely to remain with the bank
798140283,0,0.000185,Low Risk,Regular customer relationship maintenance,Customer is likely to remain with the bank
772036233,0,0.000232,Low Risk,Regular customer relationship maintenance,Customer is likely to remain with the bank
711427458,0,0.008063,Low Risk,Regular customer relationship maintenance,Customer is likely to remain with the bank
712727283,0,0.0,Low Risk,Regular customer relationship maintenance,Customer is likely to remain with the bank
710754933,1,0.999999,High Risk,Immediate retention campaign required,Customer is likely to churn based on behavioral patterns
709938708,0,0.0,Low Risk,Regular customer relationship maintenance,Customer is likely to remain with the bank
710831133,0,0.001871,Low Risk,Regular customer relationship maintenance,Customer is likely to remain with the bank
715570533,1,1.0,High Risk,Immediate retention campaign required,Customer is likely to churn based on behavioral patterns
794576058,0,2e-06,Low Risk,Regular customer relationship maintenance,Customer is likely to remain with the bank
786557358,0,6e-06,Low Risk,Regular customer relationship maintenance,Customer is likely to remain with the bank
708212658,0,2e-06,Low Risk,Regular customer relationship maintenance,Customer is likely to remain with the bank
818993508,0,1e-06,Low Risk,Regular customer relationship maintenance,Customer is likely to remain with the bank
718466883,0,0.0,Low Risk,Regular customer relationship maintenance,Customer is likely to remain with the bank
717085983,0,1e-06,Low Risk,Regular customer relationship maintenance,Customer is likely to remain with the bank
709986633,0,1e-06,Low Risk,Regular customer relationship maintenance,Customer is likely to remain with the bank
779348358,1,1.0,High Risk,Immediate retention campaign required,Customer is likely to churn based on behavioral patterns
752944533,0,0.001917,Low Risk,Regular customer relationship maintenance,Customer is likely to remain with the bank
712340733,0,0.000438,Low Risk,Regular customer relationship maintenance,Customer is likely to remain with the bank
814459833,0,0.000232,Low Risk,Regular customer relationship maintenance,Customer is likely to remain with the bank
718373658,0,0.0,Low Risk,Regular customer relationship maintenance,Customer is likely to remain with the bank
771359958,0,8.8e-05,Low Risk,Regular customer relationship maintenance,Customer is likely to remain with the bank
779198133,0,0.000489,Low Risk,Regular customer relationship maintenance,Customer is likely to remain with the bank
788618208,0,1.2e-05,Low Risk,Regular customer relationship maintenance,Customer is likely to remain with the bank
712288158,0,3e-06,Low Risk,Regular customer relationship maintenance,Customer is likely to remain with the bank
711838008,1,0.882177,High Risk,Immediate retention campaign required,Customer is likely to churn based on behavioral patterns
710202783,0,0.0,Low Risk,Regular customer relationship maintenance,Customer is likely to remain with the bank
771976683,0,3.5e-05,Low Risk,Regular customer relationship maintenance,Customer is likely to remain with the bank
716176683,0,0.0,Low Risk,Regular customer relationship maintenance,Customer is likely to remain with the bank
711278283,0,1.1e-05,Low Risk,Regular customer relationship maintenance,Customer is likely to remain with the bank
715019883,0,0.000137,Low Risk,Regular customer relationship maintenance,Customer is likely to remain with the bank
720292983,0,1e-06,Low Risk,Regular customer relationship maintenance,Customer is likely to remain with the bank
716498883,0,2.3e-05,Low Risk,Regular customer relationship maintenance,Customer is likely to remain with the bank
713798958,0,1.1e-05,Low Risk,Regular customer relationship maintenance,Customer is likely to remain with the bank
716939358,0,1e-06,Low Risk,Regular customer relationship maintenance,Customer is likely to remain with the bank
709005633,1,0.999967,High Risk,Immediate retention campaign required,Customer is likely to churn based on behavioral patterns
795573333,0,0.0,Low Risk,Regular customer relationship maintenance,Customer is likely to remain with the bank
771069033,0,0.0,Low Risk,Regular customer relationship maintenance,Customer is likely to remain with the bank
801709308,0,0.0,Low Risk,Regular customer relationship maintenance,Customer is likely to remain with the bank
716345283,0,5.8e-05,Low Risk,Regular customer relationship maintenance,Customer is likely to remain with the bank
714835833,0,1e-06,Low Risk,Regular customer relationship maintenance,Customer is likely to remain with the bank
779783508,0,0.0,Low Risk,Regular customer relationship maintenance,Customer is likely to remain with the bank
825767658,0,0.0,Low Risk,Regular customer relationship maintenance,Customer is likely to remain with the bank
717575958,1,0.999972,High Risk,Immediate retention campaign required,Customer is likely to churn based on behavioral patterns
720753183,0,0.00092,Low Risk,Regular customer relationship maintenance,Customer is likely to remain with the bank
711766758,0,3.8e-05,Low Risk,Regular customer relationship maintenance,Customer is likely to remain with the bank
711397533,0,2e-06,Low Risk,Regular customer relationship maintenance,Customer is likely to remain with the bank
767058183,0,9.3e-05,Low Risk,Regular customer relationship maintenance,Customer is likely to remain with the bank
788864508,0,2.3e-05,Low Risk,Regular customer relationship maintenance,Customer is likely to remain with the bank
778377183,0,4e-06,Low Risk,Regular customer relationship maintenance,Customer is likely to remain with the bank
710844408,0,0.000179,Low Risk,Regular customer relationship maintenance,Customer is likely to remain with the bank
714919308,1,0.999997,High Risk,Immediate retention campaign required,Customer is likely to churn based on behavioral patterns
708874533,1,1.0,High Risk,Immediate retention campaign required,Customer is likely to churn based on behavioral patterns
778356408,0,0.0,Low Risk,Regular customer relationship maintenance,Customer is likely to remain with the bank
769035933,0,2.5e-05,Low Risk,Regular customer relationship maintenance,Customer is likely to remain with the bank
771228183,0,0.0,Low Risk,Regular customer relationship maintenance,Customer is likely to remain with the bank
772539558,0,0.001748,Low Risk,Regular customer relationship maintenance,Customer is likely to remain with the bank
714045783,1,1.0,High Risk,Immediate retention campaign required,Customer is likely to churn based on behavioral patterns
809797158,0,7e-06,Low Risk,Regular customer relationship maintenance,Customer is likely to remain with the bank
719531133,0,0.00061,Low Risk,Regular customer relationship maintenance,Customer is likely to remain with the bank
719192808,0,1.6e-05,Low Risk,Regular customer relationship maintenance,Customer is likely to remain with the bank
720662508,0,1.4e-05,Low Risk,Regular customer relationship maintenance,Customer is likely to remain with the bank
820848408,0,0.0,Low Risk,Regular customer relationship maintenance,Customer is likely to remain with the bank
712412958,0,0.000155,Low Risk,Regular customer relationship maintenance,Customer is likely to remain with the bank
778984383,0,1e-06,Low Risk,Regular customer relationship maintenance,Customer is likely to remain with the bank
712865583,0,0.0,Low Risk,Regular customer relationship maintenance,Customer is likely to remain with the bank
819997983,0,1e-06,Low Risk,Regular customer relationship maintenance,Customer is likely to remain with the bank
718301508,0,3e-06,Low Risk,Regular customer relationship maintenance,Customer is likely to remain with the bank
789197508,0,0.0,Low Risk,Regular customer relationship maintenance,Customer is likely to remain with the bank
809459733,0,0.0,Low Risk,Regular customer relationship maintenance,Customer is likely to remain with the bank
813901458,0,3e-06,Low Risk,Regular customer relationship maintenance,Customer is likely to remain with the bank
772360683,0,9.6e-05,Low Risk,Regular customer relationship maintenance,Customer is likely to remain with the bank
779725833,0,4e-06,Low Risk,Regular customer relationship maintenance,Customer is likely to remain with the bank
712996833,0,1.8e-05,Low Risk,Regular customer relationship maintenance,Customer is likely to remain with the bank
779681433,1,0.99942,High Risk,Immediate retention campaign required,Customer is likely to churn based on behavioral patterns
787591008,0,0.0,Low Risk,Regular customer relationship maintenance,Customer is likely to remain with the bank
712642533,0,4e-06,Low Risk,Regular customer relationship maintenance,Customer is likely to remain with the bank
721051908,0,0.0,Low Risk,Regular customer relationship maintenance,Customer is likely to remain with the bank
715503558,0,1e-06,Low Risk,Regular customer relationship maintenance,Customer is likely to remain with the bank
709841433,0,5.5e-05,Low Risk,Regular customer relationship maintenance,Customer is likely to remain with the bank
710424408,0,0.041554,Low Risk,Regular customer relationship maintenance,Customer is likely to remain with the bank
709592808,0,0.0,Low Risk,Regular customer relationship maintenance,Customer is likely to remain with the bank
788038383,0,0.000211,Low Risk,Regular customer relationship maintenance,Customer is likely to remain with the bank
714363858,0,6e-06,Low Risk,Regular customer relationship maintenance,Customer is likely to remain with the bank
815015283,0,0.001199,Low Risk,Regular customer relationship maintenance,Customer is likely to remain with the bank
771336783,0,0.0,Low Risk,Regular customer relationship maintenance,Customer is likely to remain with the bank
738899658,1,0.999995,High Risk,Immediate retention campaign required,Customer is likely to churn based on behavioral patterns
796170933,0,0.001568,Low Risk,Regular customer relationship maintenance,Customer is likely to remain with the bank
720992883,0,8.3e-05,Low Risk,Regular customer relationship maintenance,Customer is likely to remain with the bank
712238958,0,0.0,Low Risk,Regular customer relationship maintenance,Customer is likely to remain with the bank
718530258,0,3.3e-05,Low Risk,Regular customer relationship maintenance,Customer is likely to remain with the bank
711794358,1,0.999698,High Risk,Immediate retention campaign required,Customer is likely to churn based on behavioral patterns
716366208,0,0.0,Low Risk,Regular customer relationship maintenance,Customer is likely to remain with the bank
770038983,1,1.0,High Risk,Immediate retention campaign required,Customer is likely to churn based on behavioral patterns
709937583,0,0.0,Low Risk,Regular customer relationship maintenance,Customer is likely to remain with the bank
787623858,0,2.1e-05,Low Risk,Regular customer relationship maintenance,Customer is likely to remain with the bank
711676008,0,0.000274,Low Risk,Regular customer relationship maintenance,Customer is likely to remain with the bank
812218908,1,1.0,High Risk,Immediate retention campaign required,Customer is likely to churn based on behavioral patterns
720281508,0,0.0,Low Risk,Regular customer relationship maintenance,Customer is likely to remain with the bank
721139808,0,0.001152,Low Risk,Regular customer relationship maintenance,Customer is likely to remain with the bank
709990983,0,0.000235,Low Risk,Regular customer relationship maintenance,Customer is likely to remain with the bank
718244958,0,3.3e-05,Low Risk,Regular customer relationship maintenance,Customer is likely to remain with the bank
756639708,0,3e-06,Low Risk,Regular customer relationship maintenance,Customer is likely to remain with the bank
718645308,0,0.0,Low Risk,Regular customer relationship maintenance,Customer is likely to remain with the bank
717389433,0,5e-06,Low Risk,Regular customer relationship maintenance,Customer is likely to remain with the bank
779310033,1,1.0,High Risk,Immediate retention campaign required,Customer is likely to churn based on behavioral patterns
717192933,0,0.0,Low Risk,Regular customer relationship maintenance,Customer is likely to remain with the bank
718379358,0,0.0,Low Risk,Regular customer relationship maintenance,Customer is likely to remain with the bank
779661033,0,1e-06,Low Risk,Regular customer relationship maintenance,Customer is likely to remain with the bank
715880283,0,0.000243,Low Risk,Regular customer relationship maintenance,Customer is likely to remain with the bank
719469333,0,0.0,Low Risk,Regular customer relationship maintenance,Customer is likely to remain with the bank
708974283,0,0.0,Low Risk,Regular customer relationship maintenance,Customer is likely to remain with the bank
789859833,0,0.000201,Low Risk,Regular customer relationship maintenance,Customer is likely to remain with the bank
772339383,0,0.000773,Low Risk,Regular customer relationship maintenance,Customer is likely to remain with the bank
716319258,0,0.0,Low Risk,Regular customer relationship maintenance,Customer is likely to remain with the bank
720330558,1,1.0,High Risk,Immediate retention campaign required,Customer is likely to churn based on behavioral patterns
789827208,0,1.1e-05,Low Risk,Regular customer relationship maintenance,Customer is likely to remain with the bank
751450008,0,8e-05,Low Risk,Regular customer relationship maintenance,Customer is likely to remain with the bank
789791808,0,1e-06,Low Risk,Regular customer relationship maintenance,Customer is likely to remain with the bank
717321783,0,2e-06,Low Risk,Regular customer relationship maintenance,Customer is likely to remain with the bank
712549758,0,0.000538,Low Risk,Regular customer relationship maintenance,Customer is likely to remain with the bank
712470033,0,0.000108,Low Risk,Regular customer relationship maintenance,Customer is likely to remain with the bank
719291283,0,2e-06,Low Risk,Regular customer relationship maintenance,Customer is likely to remain with the bank
720413658,0,1e-05,Low Risk,Regular customer relationship maintenance,Customer is likely to remain with the bank
709230708,0,0.014365,Low Risk,Regular customer relationship maintenance,Customer is likely to remain with the bank
708384033,1,0.996573,High Risk,Immediate retention campaign required,Customer is likely to churn based on behavioral patterns
715029333,0,1e-06,Low Risk,Regular customer relationship maintenance,Customer is likely to remain with the bank
771040758,0,2.3e-05,Low Risk,Regular customer relationship maintenance,Customer is likely to remain with the bank
711635358,0,0.0,Low Risk,Regular customer relationship maintenance,Customer is likely to remain with the bank
716604633,0,9e-06,Low Risk,Regular customer relationship maintenance,Customer is likely to remain with the bank
716438433,0,0.0,Low Risk,Regular customer relationship maintenance,Customer is likely to remain with the bank
711216933,0,1e-06,Low Risk,Regular customer relationship maintenance,Customer is likely to remain with the bank
713916708,0,0.0,Low Risk,Regular customer relationship maintenance,Customer is likely to remain with the bank
710106933,0,4.3e-05,Low Risk,Regular customer relationship maintenance,Customer is likely to remain with the bank
806189658,0,0.0,Low Risk,Regular customer relationship maintenance,Customer is likely to remain with the bank
770632758,0,0.009023,Low Risk,Regular customer relationship maintenance,Customer is likely to remain with the bank
789238683,0,2e-06,Low Risk,Regular customer relationship maintenance,Customer is likely to remain with the bank
711873033,1,1.0,High Risk,Immediate retention campaign required,Customer is likely to churn based on behavioral patterns
720384633,0,0.0,Low Risk,Regular customer relationship maintenance,Customer is likely to remain with the bank
712181658,0,0.0,Low Risk,Regular customer relationship maintenance,Customer is likely to remain with the bank
714957108,0,1e-06,Low Risk,Regular customer relationship maintenance,Customer is likely to remain with the bank
720247158,0,0.000782,Low Risk,Regular customer relationship maintenance,Customer is likely to remain with the bank
772313358,0,0.0,Low Risk,Regular customer relationship maintenance,Customer is likely to remain with the bank
803652633,0,0.00039,Low Risk,Regular customer relationship maintenance,Customer is likely to remain with the bank
771422883,1,1.0,High Risk,Immediate retention campaign required,Customer is likely to churn based on behavioral patterns
718009158,0,0.0,Low Risk,Regular customer relationship maintenance,Customer is likely to remain with the bank
712612233,0,1.2e-05,Low Risk,Regular customer relationship maintenance,Customer is likely to remain with the bank
709901058,0,0.0,Low Risk,Regular customer relationship maintenance,Customer is likely to remain with the bank
716682258,0,5e-06,Low Risk,Regular customer relationship maintenance,Customer is likely to remain with the bank
711478233,0,0.000222,Low Risk,Regular customer relationship maintenance,Customer is likely to remain with the bank
720040158,0,1.8e-05,Low Risk,Regular customer relationship maintenance,Customer is likely to remain with the bank
720212508,0,3.7e-05,Low Risk,Regular customer relationship maintenance,Customer is likely to remain with the bank
787605558,0,0.0,Low Risk,Regular customer relationship maintenance,Customer is likely to remain with the bank
780557658,0,0.001165,Low Risk,Regular customer relationship maintenance,Customer is likely to remain with the bank
709952658,0,1e-05,Low Risk,Regular customer relationship maintenance,Customer is likely to remain with the bank
793379058,0,0.0,Low Risk,Regular customer relationship maintenance,Customer is likely to remain with the bank
716971833,0,7e-06,Low Risk,Regular customer relationship maintenance,Customer is likely to remain with the bank
720997383,1,0.99998,High Risk,Immediate retention campaign required,Customer is likely to churn based on behavioral patterns
827111283,0,6.4e-05,Low Risk,Regular customer relationship maintenance,Customer is likely to remain with the bank
769396158,1,1.0,High Risk,Immediate retention campaign required,Customer is likely to churn based on behavioral patterns
820085808,0,0.010175,Low Risk,Regular customer relationship maintenance,Customer is likely to remain with the bank
780349833,0,0.0,Low Risk,Regular customer relationship maintenance,Customer is likely to remain with the bank
715964058,0,1e-06,Low Risk,Regular customer relationship maintenance,Customer is likely to remain with the bank
771903033,0,0.0,Low Risk,Regular customer relationship maintenance,Customer is likely to remain with the bank
802668333,1,0.999916,High Risk,Immediate retention campaign required,Customer is likely to churn based on behavioral patterns
718504983,0,0.00011,Low Risk,Regular customer relationship maintenance,Customer is likely to remain with the bank
714882258,0,6e-06,Low Risk,Regular customer relationship maintenance,Customer is likely to remain with the bank
714211533,0,7e-06,Low Risk,Regular customer relationship maintenance,Customer is likely to remain with the bank
720198183,0,5e-06,Low Risk,Regular customer relationship maintenance,Customer is likely to remain with the bank
803587533,0,0.0,Low Risk,Regular customer relationship maintenance,Customer is likely to remain with the bank
720050208,0,1e-05,Low Risk,Regular customer relationship maintenance,Customer is likely to remain with the bank
771058908,0,0.0,Low Risk,Regular customer relationship maintenance,Customer is likely to remain with the bank
708971583,0,1e-06,Low Risk,Regular customer relationship maintenance,Customer is likely to remain with the bank
788812608,0,0.0,Low Risk,Regular customer relationship maintenance,Customer is likely to remain with the bank
805282908,0,0.0,Low Risk,Regular customer relationship maintenance,Customer is likely to remain with the bank
717403158,0,0.000459,Low Risk,Regular customer relationship maintenance,Customer is likely to remain with the bank
718418958,1,1.0,High Risk,Immediate retention campaign required,Customer is likely to churn based on behavioral patterns
721374033,0,2.4e-05,Low Risk,Regular customer relationship maintenance,Customer is likely to remain with the bank
710849208,0,8e-06,Low Risk,Regular customer relationship maintenance,Customer is likely to remain with the bank
771823308,0,0.000291,Low Risk,Regular customer relationship maintenance,Customer is likely to remain with the bank
719019483,0,9e-06,Low Risk,Regular customer relationship maintenance,Customer is likely to remain with the bank
769927533,0,0.0,Low Risk,Regular customer relationship maintenance,Customer is likely to remain with the bank
718951683,0,1e-06,Low Risk,Regular customer relationship maintenance,Customer is likely to remain with the bank
709666908,0,1e-06,Low Risk,Regular customer relationship maintenance,Customer is likely to remain with the bank
719857008,0,0.0,Low Risk,Regular customer relationship maintenance,Customer is likely to remain with the bank
788709408,0,0.0,Low Risk,Regular customer relationship maintenance,Customer is likely to remain with the bank
710641008,0,1.3e-05,Low Risk,Regular customer relationship maintenance,Customer is likely to remain with the bank
815812683,0,0.000835,Low Risk,Regular customer relationship maintenance,Customer is likely to remain with the bank
717624708,1,1.0,High Risk,Immediate retention campaign required,Customer is likely to churn based on behavioral patterns
789398733,0,0.0,Low Risk,Regular customer relationship maintenance,Customer is likely to remain with the bank
716136333,1,0.998074,High Risk,Immediate retention campaign required,Customer is likely to churn based on behavioral patterns
715162608,1,0.999977,High Risk,Immediate retention campaign required,Customer is likely to churn based on behavioral patterns
710822808,0,1.3e-05,Low Risk,Regular customer relationship maintenance,Customer is likely to remain with the bank
714147858,0,2.2e-05,Low Risk,Regular customer relationship maintenance,Customer is likely to remain with the bank
767333808,0,5e-06,Low Risk,Regular customer relationship maintenance,Customer is likely to remain with the bank
719654283,0,2e-06,Low Risk,Regular customer relationship maintenance,Customer is likely to remain with the bank
766273533,0,1e-06,Low Risk,Regular customer relationship maintenance,Customer is likely to remain with the bank
779601783,0,3.1e-05,Low Risk,Regular customer relationship maintenance,Customer is likely to remain with the bank
711370458,0,4e-06,Low Risk,Regular customer relationship maintenance,Customer is likely to remain with the bank
715519983,0,0.0,Low Risk,Regular customer relationship maintenance,Customer is likely to remain with the bank
788782008,0,0.011312,Low Risk,Regular customer relationship maintenance,Customer is likely to remain with the bank
787595658,0,2e-06,Low Risk,Regular customer relationship maintenance,Customer is likely to remain with the bank
758211483,0,0.0,Low Risk,Regular customer relationship maintenance,Customer is likely to remain with the bank
710637183,0,1e-06,Low Risk,Regular customer relationship maintenance,Customer is likely to remain with the bank
712144158,1,0.999999,High Risk,Immediate retention campaign required,Customer is likely to churn based on behavioral patterns
715378383,0,0.0,Low Risk,Regular customer relationship maintenance,Customer is likely to remain with the bank
771061008,1,0.999998,High Risk,Immediate retention campaign required,Customer is likely to churn based on behavioral patterns
719583558,0,1e-06,Low Risk,Regular customer relationship maintenance,Customer is likely to remain with the bank
810986883,0,4e-06,Low Risk,Regular customer relationship maintenance,Customer is likely to remain with the bank
788797983,0,0.000558,Low Risk,Regular customer relationship maintenance,Customer is likely to remain with the bank
815104608,0,4e-06,Low Risk,Regular customer relationship maintenance,Customer is likely to remain with the bank
715369008,0,0.0,Low Risk,Regular customer relationship maintenance,Customer is likely to remain with the bank
713418558,0,4.6e-05,Low Risk,Regular customer relationship maintenance,Customer is likely to remain with the bank
708332808,0,2e-06,Low Risk,Regular customer relationship maintenance,Customer is likely to remain with the bank
719729433,0,4.6e-05,Low Risk,Regular customer relationship maintenance,Customer is likely to remain with the bank
789022233,0,1e-06,Low Risk,Regular customer relationship maintenance,Customer is likely to remain with the bank
714234858,0,4e-06,Low Risk,Regular customer relationship maintenance,Customer is likely to remain with the bank
709170108,1,1.0,High Risk,Immediate retention campaign required,Customer is likely to churn based on behavioral patterns
779727558,0,0.000192,Low Risk,Regular customer relationship maintenance,Customer is likely to remain with the bank
708245808,0,0.0,Low Risk,Regular customer relationship maintenance,Customer is likely to remain with the bank
778255083,0,0.0,Low Risk,Regular customer relationship maintenance,Customer is likely to remain with the bank
718755483,0,0.000554,Low Risk,Regular customer relationship maintenance,Customer is likely to remain with the bank
712627083,1,1.0,High Risk,Immediate retention campaign required,Customer is likely to churn based on behavioral patterns
788990508,0,3e-06,Low Risk,Regular customer relationship maintenance,Customer is likely to remain with the bank
804437658,0,0.000147,Low Risk,Regular customer relationship maintenance,Customer is likely to remain with the bank
778430733,0,1e-06,Low Risk,Regular customer relationship maintenance,Customer is likely to remain with the bank
808747233,1,1.0,High Risk,Immediate retention campaign required,Customer is likely to churn based on behavioral patterns
710555433,1,0.796448,High Risk,Immediate retention campaign required,Customer is likely to churn based on behavioral patterns
708826158,0,5e-06,Low Risk,Regular customer relationship maintenance,Customer is likely to remain with the bank
717023508,0,1e-06,Low Risk,Regular customer relationship maintenance,Customer is likely to remain with the bank
719694408,1,0.994738,High Risk,Immediate retention campaign required,Customer is likely to churn based on behavioral patterns
710014683,0,1e-06,Low Risk,Regular customer relationship maintenance,Customer is likely to remain with the bank
815596608,0,3e-06,Low Risk,Regular customer relationship maintenance,Customer is likely to remain with the bank
712721358,1,1.0,High Risk,Immediate retention campaign required,Customer is likely to churn based on behavioral patterns
716870583,0,0.0,Low Risk,Regular customer relationship maintenance,Customer is likely to remain with the bank
780076833,0,4e-06,Low Risk,Regular customer relationship maintenance,Customer is likely to remain with the bank
793616883,0,0.0,Low Risk,Regular customer relationship maintenance,Customer is likely to remain with the bank
789105183,0,0.0,Low Risk,Regular customer relationship maintenance,Customer is likely to remain with the bank
817970208,0,0.000278,Low Risk,Regular customer relationship maintenance,Customer is likely to remain with the bank
779844408,1,0.999956,High Risk,Immediate retention campaign required,Customer is likely to churn based on behavioral patterns
719206308,0,3.9e-05,Low Risk,Regular customer relationship maintenance,Customer is likely to remain with the bank
721269108,0,0.000106,Low Risk,Regular customer relationship maintenance,Customer is likely to remain with the bank
772139433,0,1e-05,Low Risk,Regular customer relationship maintenance,Customer is likely to remain with the bank
717042333,1,0.999999,High Risk,Immediate retention campaign required,Customer is likely to churn based on behavioral patterns
710273658,0,2.3e-05,Low Risk,Regular customer relationship maintenance,Customer is likely to remain with the bank
716626008,0,1e-06,Low Risk,Regular customer relationship maintenance,Customer is likely to remain with the bank
716230158,0,0.0,Low Risk,Regular customer relationship maintenance,Customer is likely to remain with the bank
713010483,0,6e-06,Low Risk,Regular customer relationship maintenance,Customer is likely to remain with the bank
711220683,0,0.0,Low Risk,Regular customer relationship maintenance,Customer is likely to remain with the bank
721398858,0,8e-06,Low Risk,Regular customer relationship maintenance,Customer is likely to remain with the bank
779400183,0,0.000327,Low Risk,Regular customer relationship maintenance,Customer is likely to remain with the bank
789964983,1,0.999997,High Risk,Immediate retention campaign required,Customer is likely to churn based on behavioral patterns
715102308,0,2e-06,Low Risk,Regular customer relationship maintenance,Customer is likely to remain with the bank
712730583,0,0.000115,Low Risk,Regular customer relationship maintenance,Customer is likely to remain with the bank
718870158,0,0.0,Low Risk,Regular customer relationship maintenance,Customer is likely to remain with the bank
719484408,0,5e-06,Low Risk,Regular customer relationship maintenance,Customer is likely to remain with the bank
720244983,0,0.0,Low Risk,Regular customer relationship maintenance,Customer is likely to remain with the bank
781306758,1,0.999999,High Risk,Immediate retention campaign required,Customer is likely to churn based on behavioral patterns
779412783,0,0.000191,Low Risk,Regular customer relationship maintenance,Customer is likely to remain with the bank
721217283,0,3e-06,Low Risk,Regular customer relationship maintenance,Customer is likely to remain with the bank
815062383,0,2e-06,Low Risk,Regular customer relationship maintenance,Customer is likely to remain with the bank
714155283,0,1e-06,Low Risk,Regular customer relationship maintenance,Customer is likely to remain with the bank
716981358,0,4e-06,Low Risk,Regular customer relationship maintenance,Customer is likely to remain with the bank
824915208,0,3e-06,Low Risk,Regular customer relationship maintenance,Customer is likely to remain with the bank
708498033,1,1.0,High Risk,Immediate retention campaign required,Customer is likely to churn based on behavioral patterns
716860233,0,1e-05,Low Risk,Regular customer relationship maintenance,Customer is likely to remain with the bank
709839858,0,1e-06,Low Risk,Regular customer relationship maintenance,Customer is likely to remain with the bank
713144208,1,1.0,High Risk,Immediate retention campaign required,Customer is likely to churn based on behavioral patterns
708573933,0,8e-06,Low Risk,Regular customer relationship maintenance,Customer is likely to remain with the bank
712579983,0,0.0,Low Risk,Regular customer relationship maintenance,Customer is likely to remain with the bank
790099758,0,0.000772,Low Risk,Regular customer relationship maintenance,Customer is likely to remain with the bank
711305208,0,0.000805,Low Risk,Regular customer relationship maintenance,Customer is likely to remain with the bank
720062508,1,0.999996,High Risk,Immediate retention campaign required,Customer is likely to churn based on behavioral patterns
708205083,0,5e-06,Low Risk,Regular customer relationship maintenance,Customer is likely to remain with the bank
772336458,1,1.0,High Risk,Immediate retention campaign required,Customer is likely to churn based on behavioral patterns
710986758,0,0.0,Low Risk,Regular customer relationship maintenance,Customer is likely to remain with the bank
789271533,0,3.4e-05,Low Risk,Regular customer relationship maintenance,Customer is likely to remain with the bank
711360783,0,0.0,Low Risk,Regular customer relationship maintenance,Customer is likely to remain with the bank
714035283,1,0.999882,High Risk,Immediate retention campaign required,Customer is likely to churn based on behavioral patterns
720415833,0,2e-06,Low Risk,Regular customer relationship maintenance,Customer is likely to remain with the bank
778873608,0,3.3e-05,Low Risk,Regular customer relationship maintenance,Customer is likely to remain with the bank
718661958,0,0.000989,Low Risk,Regular customer relationship maintenance,Customer is likely to remain with the bank
719026383,0,0.000209,Low Risk,Regular customer relationship maintenance,Customer is likely to remain with the bank
710229333,0,1.4e-05,Low Risk,Regular customer relationship maintenance,Customer is likely to remain with the bank
720437358,0,0.009883,Low Risk,Regular customer relationship maintenance,Customer is likely to remain with the bank
811467708,0,0.0,Low Risk,Regular customer relationship maintenance,Customer is likely to remain with the bank
778933983,0,0.0,Low Risk,Regular customer relationship maintenance,Customer is likely to remain with the bank
719413383,0,0.0,Low Risk,Regular customer relationship maintenance,Customer is likely to remain with the bank
718252533,1,0.999545,High Risk,Immediate retention campaign required,Customer is likely to churn based on behavioral patterns
718188858,0,6e-06,Low Risk,Regular customer relationship maintenance,Customer is likely to remain with the bank
711382458,1,0.999997,High Risk,Immediate retention campaign required,Customer is likely to churn based on behavioral patterns
721212258,0,0.0,Low Risk,Regular customer relationship maintenance,Customer is likely to remain with the bank
717600483,0,1.7e-05,Low Risk,Regular customer relationship maintenance,Customer is likely to remain with the bank
761544333,0,5.5e-05,Low Risk,Regular customer relationship maintenance,Customer is likely to remain with the bank
809425533,0,1e-06,Low Risk,Regular customer relationship maintenance,Customer is likely to remain with the bank
709678608,0,3e-05,Low Risk,Regular customer relationship maintenance,Customer is likely to remain with the bank
713151258,0,3e-06,Low Risk,Regular customer relationship maintenance,Customer is likely to remain with the bank
715345833,0,1.9e-05,Low Risk,Regular customer relationship maintenance,Customer is likely to remain with the bank
720776508,0,0.000121,Low Risk,Regular customer relationship maintenance,Customer is likely to remain with the bank
720689583,0,1e-06,Low Risk,Regular customer relationship maintenance,Customer is likely to remain with the bank
801728658,0,0.001357,Low Risk,Regular customer relationship maintenance,Customer is likely to remain with the bank
718979733,0,1e-06,Low Risk,Regular customer relationship maintenance,Customer is likely to remain with the bank
721163133,0,2e-06,Low Risk,Regular customer relationship maintenance,Customer is likely to remain with the bank
710595783,0,0.000871,Low Risk,Regular customer relationship maintenance,Customer is likely to remain with the bank
714781908,0,0.0,Low Risk,Regular customer relationship maintenance,Customer is likely to remain with the bank
709618308,0,2e-06,Low Risk,Regular customer relationship maintenance,Customer is likely to remain with the bank
713971608,0,4e-06,Low Risk,Regular customer relationship maintenance,Customer is likely to remain with the bank
718020408,0,0.0,Low Risk,Regular customer relationship maintenance,Customer is likely to remain with the bank
716513358,0,9.6e-05,Low Risk,Regular customer relationship maintenance,Customer is likely to remain with the bank
710401458,0,0.003602,Low Risk,Regular customer relationship maintenance,Customer is likely to remain with the bank
712177908,0,1e-06,Low Risk,Regular customer relationship maintenance,Customer is likely to remain with the bank
719216508,0,4e-06,Low Risk,Regular customer relationship maintenance,Customer is likely to remain with the bank
711017433,0,1.7e-05,Low Risk,Regular customer relationship maintenance,Customer is likely to remain with the bank
788386908,0,0.0,Low Risk,Regular customer relationship maintenance,Customer is likely to remain with the bank
710819733,1,1.0,High Risk,Immediate retention campaign required,Customer is likely to churn based on behavioral patterns
711978858,0,0.000114,Low Risk,Regular customer relationship maintenance,Customer is likely to remain with the bank
807136758,1,0.999925,High Risk,Immediate retention campaign required,Customer is likely to churn based on behavioral patterns
716138958,0,3e-06,Low Risk,Regular customer relationship maintenance,Customer is likely to remain with the bank
713070033,0,2.5e-05,Low Risk,Regular customer relationship maintenance,Customer is likely to remain with the bank
827055333,0,0.00081,Low Risk,Regular customer relationship maintenance,Customer is likely to remain with the bank
827408058,0,1.3e-05,Low Risk,Regular customer relationship maintenance,Customer is likely to remain with the bank
793608258,1,1.0,High Risk,Immediate retention campaign required,Customer is likely to churn based on behavioral patterns
717013383,0,0.000144,Low Risk,Regular customer relationship maintenance,Customer is likely to remain with the bank
714320358,0,0.00285,Low Risk,Regular customer relationship maintenance,Customer is likely to remain with the bank
716948283,0,0.0,Low Risk,Regular customer relationship maintenance,Customer is likely to remain with the bank
717657333,0,0.093376,Low Risk,Regular customer relationship maintenance,Customer is likely to remain with the bank
788687133,0,2e-06,Low Risk,Regular customer relationship maintenance,Customer is likely to remain with the bank
710736558,0,0.000157,Low Risk,Regular customer relationship maintenance,Customer is likely to remain with the bank
708721533,0,1.4e-05,Low Risk,Regular customer relationship maintenance,Customer is likely to remain with the bank
817108083,1,0.999999,High Risk,Immediate retention campaign required,Customer is likely to churn based on behavioral patterns
719737833,0,9.4e-05,Low Risk,Regular customer relationship maintenance,Customer is likely to remain with the bank
813967983,0,3e-06,Low Risk,Regular customer relationship maintenance,Customer is likely to remain with the bank
771464808,0,0.0,Low Risk,Regular customer relationship maintenance,Customer is likely to remain with the bank
713025558,1,0.991141,High Risk,Immediate retention campaign required,Customer is likely to churn based on behavioral patterns
779016408,0,2.1e-05,Low Risk,Regular customer relationship maintenance,Customer is likely to remain with the bank
712096758,0,3e-06,Low Risk,Regular customer relationship maintenance,Customer is likely to remain with the bank
789523683,0,1.2e-05,Low Risk,Regular customer relationship maintenance,Customer is likely to remain with the bank
713177808,0,0.0,Low Risk,Regular customer relationship maintenance,Customer is likely to remain with the bank
718777008,0,3e-06,Low Risk,Regular customer relationship maintenance,Customer is likely to remain with the bank
711004533,0,0.0,Low Risk,Regular customer relationship maintenance,Customer is likely to remain with the bank
720046458,0,0.0,Low Risk,Regular customer relationship maintenance,Customer is likely to remain with the bank
710453283,0,0.023541,Low Risk,Regular customer relationship maintenance,Customer is likely to remain with the bank
708736608,1,0.999999,High Risk,Immediate retention campaign required,Customer is likely to churn based on behavioral patterns
778908783,0,4.2e-05,Low Risk,Regular customer relationship maintenance,Customer is likely to remain with the bank
716056158,1,1.0,High Risk,Immediate retention campaign required,Customer is likely to churn based on behavioral patterns
773257233,0,2e-06,Low Risk,Regular customer relationship maintenance,Customer is likely to remain with the bank
711371208,0,0.0,Low Risk,Regular customer relationship maintenance,Customer is likely to remain with the bank
711831558,0,0.0,Low Risk,Regular customer relationship maintenance,Customer is likely to remain with the bank
712164333,1,0.999951,High Risk,Immediate retention campaign required,Customer is likely to churn based on behavioral patterns
780126033,1,0.996772,High Risk,Immediate retention campaign required,Customer is likely to churn based on behavioral patterns
821889858,1,0.999999,High Risk,Immediate retention campaign required,Customer is likely to churn based on behavioral patterns
779656908,0,2.1e-05,Low Risk,Regular customer relationship maintenance,Customer is likely to remain with the bank
766821033,1,0.999987,High Risk,Immediate retention campaign required,Customer is likely to churn based on behavioral patterns
789196158,0,0.000243,Low Risk,Regular customer relationship maintenance,Customer is likely to remain with the bank
714228558,0,8e-06,Low Risk,Regular customer relationship maintenance,Customer is likely to remain with the bank
827360883,0,2.5e-05,Low Risk,Regular customer relationship maintenance,Customer is likely to remain with the bank
712815858,0,8e-05,Low Risk,Regular customer relationship maintenance,Customer is likely to remain with the bank
714533058,0,0.0,Low Risk,Regular customer relationship maintenance,Customer is likely to remain with the bank
790149483,0,7.7e-05,Low Risk,Regular customer relationship maintenance,Customer is likely to remain with the bank
771584658,0,0.000201,Low Risk,Regular customer relationship maintenance,Customer is likely to remain with the bank
814181433,0,2e-06,Low Risk,Regular customer relationship maintenance,Customer is likely to remain with the bank
788761608,0,0.0,Low Risk,Regular customer relationship maintenance,Customer is likely to remain with the bank
709009833,0,4e-06,Low Risk,Regular customer relationship maintenance,Customer is likely to remain with the bank
708244458,0,0.000135,Low Risk,Regular customer relationship maintenance,Customer is likely to remain with the bank
797998158,0,1e-06,Low Risk,Regular customer relationship maintenance,Customer is likely to remain with the bank
808279158,0,2e-06,Low Risk,Regular customer relationship maintenance,Customer is likely to remain with the bank
804601833,0,4.4e-05,Low Risk,Regular customer relationship maintenance,Customer is likely to remain with the bank
789690483,0,0.000346,Low Risk,Regular customer relationship maintenance,Customer is likely to remain with the bank
819109308,0,3e-06,Low Risk,Regular customer relationship maintenance,Customer is likely to remain with the bank
739317558,0,0.0,Low Risk,Regular customer relationship maintenance,Customer is likely to remain with the bank
721305408,0,4.6e-05,Low Risk,Regular customer relationship maintenance,Customer is likely to remain with the bank
716535408,0,0.0,Low Risk,Regular customer relationship maintenance,Customer is likely to remain with the bank
719391783,0,0.000203,Low Risk,Regular customer relationship maintenance,Customer is likely to remain with the bank
780602733,0,0.0,Low Risk,Regular customer relationship maintenance,Customer is likely to remain with the bank
789556533,0,0.0,Low Risk,Regular customer relationship maintenance,Customer is likely to remain with the bank
713422083,1,0.999483,High Risk,Immediate retention campaign required,Customer is likely to churn based on behavioral patterns
721506708,0,0.0,Low Risk,Regular customer relationship maintenance,Customer is likely to remain with the bank
715774833,0,0.001355,Low Risk,Regular customer relationship maintenance,Customer is likely to remain with the bank
714962658,1,1.0,High Risk,Immediate retention campaign required,Customer is likely to churn based on behavioral patterns
783561558,0,0.0,Low Risk,Regular customer relationship maintenance,Customer is likely to remain with the bank
826709658,1,1.0,High Risk,Immediate retention campaign required,Customer is likely to churn based on behavioral patterns
790017858,0,0.000489,Low Risk,Regular customer relationship maintenance,Customer is likely to remain with the bank
712319958,0,0.00115,Low Risk,Regular customer relationship maintenance,Customer is likely to remain with the bank
717483558,0,1e-06,Low Risk,Regular customer relationship maintenance,Customer is likely to remain with the bank
713985183,0,0.000141,Low Risk,Regular customer relationship maintenance,Customer is likely to remain with the bank
708404883,0,0.000896,Low Risk,Regular customer relationship maintenance,Customer is likely to remain with the bank
717208833,1,0.987207,High Risk,Immediate retention campaign required,Customer is likely to churn based on behavioral patterns
816091608,0,0.0,Low Risk,Regular customer relationship maintenance,Customer is likely to remain with the bank
709087983,0,2e-06,Low Risk,Regular customer relationship maintenance,Customer is likely to remain with the bank
710763783,0,2.5e-05,Low Risk,Regular customer relationship maintenance,Customer is likely to remain with the bank
719018208,1,0.999814,High Risk,Immediate retention campaign required,Customer is likely to churn based on behavioral patterns
713976258,0,2.6e-05,Low Risk,Regular customer relationship maintenance,Customer is likely to remain with the bank
709554483,0,3e-06,Low Risk,Regular customer relationship maintenance,Customer is likely to remain with the bank
794485158,0,0.0,Low Risk,Regular customer relationship maintenance,Customer is likely to remain with the bank
718795083,0,0.0,Low Risk,Regular customer relationship maintenance,Customer is likely to remain with the bank
826451433,0,0.0,Low Risk,Regular customer relationship maintenance,Customer is likely to remain with the bank
826717533,0,8e-06,Low Risk,Regular customer relationship maintenance,Customer is likely to remain with the bank
715294083,1,0.997753,High Risk,Immediate retention campaign required,Customer is likely to churn based on behavioral patterns
779187783,0,0.0,Low Risk,Regular customer relationship maintenance,Customer is likely to remain with the bank
719513733,0,0.0,Low Risk,Regular customer relationship maintenance,Customer is likely to remain with the bank
709816158,0,1e-06,Low Risk,Regular customer relationship maintenance,Customer is likely to remain with the bank
711720408,0,3e-06,Low Risk,Regular customer relationship maintenance,Customer is likely to remain with the bank
714960408,1,1.0,High Risk,Immediate retention campaign required,Customer is likely to churn based on behavioral patterns
770746908,0,0.0,Low Risk,Regular customer relationship maintenance,Customer is likely to remain with the bank
716101308,0,0.000105,Low Risk,Regular customer relationship maintenance,Customer is likely to remain with the bank
809825358,0,0.0,Low Risk,Regular customer relationship maintenance,Customer is likely to remain with the bank
719826333,0,0.0,Low Risk,Regular customer relationship maintenance,Customer is likely to remain with the bank
710207208,0,4e-06,Low Risk,Regular customer relationship maintenance,Customer is likely to remain with the bank
720128658,1,1.0,High Risk,Immediate retention campaign required,Customer is likely to churn based on behavioral patterns
780727833,0,5e-06,Low Risk,Regular customer relationship maintenance,Customer is likely to remain with the bank
802247658,1,0.999923,High Risk,Immediate retention campaign required,Customer is likely to churn based on behavioral patterns
717787533,0,0.009944,Low Risk,Regular customer relationship maintenance,Customer is likely to remain with the bank
721115733,0,7e-06,Low Risk,Regular customer relationship maintenance,Customer is likely to remain with the bank
709446783,0,4.9e-05,Low Risk,Regular customer relationship maintenance,Customer is likely to remain with the bank
784719708,0,2e-06,Low Risk,Regular customer relationship maintenance,Customer is likely to remain with the bank
718570158,0,0.001062,Low Risk,Regular customer relationship maintenance,Customer is likely to remain with the bank
709965858,0,1.2e-05,Low Risk,Regular customer relationship maintenance,Customer is likely to remain with the bank
757594083,0,1e-06,Low Risk,Regular customer relationship maintenance,Customer is likely to remain with the bank
789599283,0,2e-06,Low Risk,Regular customer relationship maintenance,Customer is likely to remain with the bank
718947558,0,0.0,Low Risk,Regular customer relationship maintenance,Customer is likely to remain with the bank
721147383,0,0.0,Low Risk,Regular customer relationship maintenance,Customer is likely to remain with the bank
720683958,0,0.000193,Low Risk,Regular customer relationship maintenance,Customer is likely to remain with the bank
780657708,0,0.000362,Low Risk,Regular customer relationship maintenance,Customer is likely to remain with the bank
713935533,0,1.2e-05,Low Risk,Regular customer relationship maintenance,Customer is likely to remain with the bank
713948808,0,1e-05,Low Risk,Regular customer relationship maintenance,Customer is likely to remain with the bank
715406658,1,0.999739,High Risk,Immediate retention campaign required,Customer is likely to churn based on behavioral patterns
772640808,0,2e-05,Low Risk,Regular customer relationship maintenance,Customer is likely to remain with the bank
708496833,1,0.99992,High Risk,Immediate retention campaign required,Customer is likely to churn based on behavioral patterns
804847308,0,0.0,Low Risk,Regular customer relationship maintenance,Customer is likely to remain with the bank
716931183,0,0.0,Low Risk,Regular customer relationship maintenance,Customer is likely to remain with the bank
714030183,0,0.000118,Low Risk,Regular customer relationship maintenance,Customer is likely to remain with the bank
809296308,0,2e-06,Low Risk,Regular customer relationship maintenance,Customer is likely to remain with the bank
708358683,0,5e-06,Low Risk,Regular customer relationship maintenance,Customer is likely to remain with the bank
794664183,0,1e-06,Low Risk,Regular customer relationship maintenance,Customer is likely to remain with the bank
712475733,0,0.004879,Low Risk,Regular customer relationship maintenance,Customer is likely to remain with the bank
708770883,0,1e-06,Low Risk,Regular customer relationship maintenance,Customer is likely to remain with the bank
821339433,0,0.0,Low Risk,Regular customer relationship maintenance,Customer is likely to remain with the bank
709206333,1,0.999627,High Risk,Immediate retention campaign required,Customer is likely to churn based on behavioral patterns
806914158,1,1.0,High Risk,Immediate retention campaign required,Customer is likely to churn based on behavioral patterns
709607733,0,1.7e-05,Low Risk,Regular customer relationship maintenance,Customer is likely to remain with the bank
712843983,1,0.996894,High Risk,Immediate retention campaign required,Customer is likely to churn based on behavioral patterns
780511683,1,0.999872,High Risk,Immediate retention campaign required,Customer is likely to churn based on behavioral patterns
709161108,1,0.999969,High Risk,Immediate retention campaign required,Customer is likely to churn based on behavioral patterns
708272808,0,0.0,Low Risk,Regular customer relationship maintenance,Customer is likely to remain with the bank
708680583,0,2.4e-05,Low Risk,Regular customer relationship maintenance,Customer is likely to remain with the bank
708712833,0,1e-06,Low Risk,Regular customer relationship maintenance,Customer is likely to remain with the bank
711947358,0,3e-06,Low Risk,Regular customer relationship maintenance,Customer is likely to remain with the bank
719634408,0,0.0,Low Risk,Regular customer relationship maintenance,Customer is likely to remain with the bank
718267233,0,0.000142,Low Risk,Regular customer relationship maintenance,Customer is likely to remain with the bank
715479483,0,0.000772,Low Risk,Regular customer relationship maintenance,Customer is likely to remain with the bank
711164508,0,0.0,Low Risk,Regular customer relationship maintenance,Customer is likely to remain with the bank
719294433,0,2.9e-05,Low Risk,Regular customer relationship maintenance,Customer is likely to remain with the bank
714412308,1,0.999985,High Risk,Immediate retention campaign required,Customer is likely to churn based on behavioral patterns
716434533,1,0.999999,High Risk,Immediate retention campaign required,Customer is likely to churn based on behavioral patterns
719061933,0,6.8e-05,Low Risk,Regular customer relationship maintenance,Customer is likely to remain with the bank
719091333,0,2e-06,Low Risk,Regular customer relationship maintenance,Customer is likely to remain with the bank
716573058,1,1.0,High Risk,Immediate retention campaign required,Customer is likely to churn based on behavioral patterns
740784258,0,0.0,Low Risk,Regular customer relationship maintenance,Customer is likely to remain with the bank
711863433,0,1e-06,Low Risk,Regular customer relationship maintenance,Customer is likely to remain with the bank
780529908,0,2e-06,Low Risk,Regular customer relationship maintenance,Customer is likely to remain with the bank
715132758,0,0.0,Low Risk,Regular customer relationship maintenance,Customer is likely to remain with the bank
713934633,1,0.99906,High Risk,Immediate retention campaign required,Customer is likely to churn based on behavioral patterns
827423433,0,1e-06,Low Risk,Regular customer relationship maintenance,Customer is likely to remain with the bank
708385533,1,0.999543,High Risk,Immediate retention campaign required,Customer is likely to churn based on behavioral patterns
789407958,0,1e-06,Low Risk,Regular customer relationship maintenance,Customer is likely to remain with the bank
712589658,0,1e-06,Low Risk,Regular customer relationship maintenance,Customer is likely to remain with the bank
714759708,0,4.8e-05,Low Risk,Regular customer relationship maintenance,Customer is likely to remain with the bank
826068183,0,0.001221,Low Risk,Regular customer relationship maintenance,Customer is likely to remain with the bank
709913733,0,6.1e-05,Low Risk,Regular customer relationship maintenance,Customer is likely to remain with the bank
789744033,0,6.9e-05,Low Risk,Regular customer relationship maintenance,Customer is likely to remain with the bank
710926383,0,0.000137,Low Risk,Regular customer relationship maintenance,Customer is likely to remain with the bank
714052158,1,1.0,High Risk,Immediate retention campaign required,Customer is likely to churn based on behavioral patterns
714900408,0,0.016116,Low Risk,Regular customer relationship maintenance,Customer is likely to remain with the bank
787532808,0,0.0,Low Risk,Regular customer relationship maintenance,Customer is likely to remain with the bank
802449933,0,4e-06,Low Risk,Regular customer relationship maintenance,Customer is likely to remain with the bank
755996583,1,1.0,High Risk,Immediate retention campaign required,Customer is likely to churn based on behavioral patterns
709625733,0,9e-06,Low Risk,Regular customer relationship maintenance,Customer is likely to remain with the bank
719686458,0,0.247228,Low Risk,Regular customer relationship maintenance,Customer is likely to remain with the bank
708642708,1,1.0,High Risk,Immediate retention campaign required,Customer is likely to churn based on behavioral patterns
790082508,0,5.2e-05,Low Risk,Regular customer relationship maintenance,Customer is likely to remain with the bank
713205108,0,0.0,Low Risk,Regular customer relationship maintenance,Customer is likely to remain with the bank
710838108,0,0.000651,Low Risk,Regular customer relationship maintenance,Customer is likely to remain with the bank
714427608,0,5e-06,Low Risk,Regular customer relationship maintenance,Customer is likely to remain with the bank
711655683,0,4e-06,Low Risk,Regular customer relationship maintenance,Customer is likely to remain with the bank
826168083,0,2.9e-05,Low Risk,Regular customer relationship maintenance,Customer is likely to remain with the bank
708553008,0,0.009884,Low Risk,Regular customer relationship maintenance,Customer is likely to remain with the bank
719554758,0,5.9e-05,Low Risk,Regular customer relationship maintenance,Customer is likely to remain with the bank
820383558,0,3.7e-05,Low Risk,Regular customer relationship maintenance,Customer is likely to remain with the bank
817293258,0,1e-06,Low Risk,Regular customer relationship maintenance,Customer is likely to remain with the bank
709275558,0,5.1e-05,Low Risk,Regular customer relationship maintenance,Customer is likely to remain with the bank
816078708,0,2e-06,Low Risk,Regular customer relationship maintenance,Customer is likely to remain with the bank
719490108,0,0.000565,Low Risk,Regular customer relationship maintenance,Customer is likely to remain with the bank
710410158,1,0.996841,High Risk,Immediate retention campaign required,Customer is likely to churn based on behavioral patterns
813961233,0,0.0,Low Risk,Regular customer relationship maintenance,Customer is likely to remain with the bank
714259533,0,8.1e-05,Low Risk,Regular customer relationship maintenance,Customer is likely to remain with the bank
713550483,0,1e-06,Low Risk,Regular customer relationship maintenance,Customer is likely to remain with the bank
719073483,1,0.999824,High Risk,Immediate retention campaign required,Customer is likely to churn based on behavioral patterns
710428308,0,1e-06,Low Risk,Regular customer relationship maintenance,Customer is likely to remain with the bank
779340183,0,0.002677,Low Risk,Regular customer relationship maintenance,Customer is likely to remain with the bank
788820933,0,0.0,Low Risk,Regular customer relationship maintenance,Customer is likely to remain with the bank
798022683,1,0.999999,High Risk,Immediate retention campaign required,Customer is likely to churn based on behavioral patterns
717273333,0,0.0,Low Risk,Regular customer relationship maintenance,Customer is likely to remain with the bank
713952558,1,0.990752,High Risk,Immediate retention campaign required,Customer is likely to churn based on behavioral patterns
712545183,0,3.2e-05,Low Risk,Regular customer relationship maintenance,Customer is likely to remain with the bank
789611283,0,0.0,Low Risk,Regular customer relationship maintenance,Customer is likely to remain with the bank
713339283,0,5.5e-05,Low Risk,Regular customer relationship maintenance,Customer is likely to remain with the bank
721032633,1,0.999997,High Risk,Immediate retention campaign required,Customer is likely to churn based on behavioral patterns
719953383,0,3e-06,Low Risk,Regular customer relationship maintenance,Customer is likely to remain with the bank
712814658,0,0.0,Low Risk,Regular customer relationship maintenance,Customer is likely to remain with the bank
711764733,0,0.008591,Low Risk,Regular customer relationship maintenance,Customer is likely to remain with the bank
715915458,0,9.3e-05,Low Risk,Regular customer relationship maintenance,Customer is likely to remain with the bank
720712533,0,1e-06,Low Risk,Regular customer relationship maintenance,Customer is likely to remain with the bank
709984083,0,0.0,Low Risk,Regular customer relationship maintenance,Customer is likely to remain with the bank
719268333,0,0.0,Low Risk,Regular customer relationship maintenance,Customer is likely to remain with the bank
790048158,0,0.000152,Low Risk,Regular customer relationship maintenance,Customer is likely to remain with the bank
717856983,0,0.000177,Low Risk,Regular customer relationship maintenance,Customer is likely to remain with the bank
715545933,0,2e-06,Low Risk,Regular customer relationship maintenance,Customer is likely to remain with the bank
709861008,0,0.0,Low Risk,Regular customer relationship maintenance,Customer is likely to remain with the bank
712863183,0,0.000172,Low Risk,Regular customer relationship maintenance,Customer is likely to remain with the bank
712423233,0,0.0,Low Risk,Regular customer relationship maintenance,Customer is likely to remain with the bank
711648708,0,2.7e-05,Low Risk,Regular customer relationship maintenance,Customer is likely to remain with the bank
714864333,1,0.999989,High Risk,Immediate retention campaign required,Customer is likely to churn based on behavioral patterns
788830683,0,2e-06,Low Risk,Regular customer relationship maintenance,Customer is likely to remain with the bank
719358333,0,0.000617,Low Risk,Regular customer relationship maintenance,Customer is likely to remain with the bank
789541458,0,1e-06,Low Risk,Regular customer relationship maintenance,Customer is likely to remain with the bank
711589758,0,1e-06,Low Risk,Regular customer relationship maintenance,Customer is likely to remain with the bank
711574008,0,0.00127,Low Risk,Regular customer relationship maintenance,Customer is likely to remain with the bank
779548008,0,1e-06,Low Risk,Regular customer relationship maintenance,Customer is likely to remain with the bank
801037833,0,1e-06,Low Risk,Regular customer relationship maintenance,Customer is likely to remain with the bank
720924633,0,5.6e-05,Low Risk,Regular customer relationship maintenance,Customer is likely to remain with the bank
718596858,0,8.5e-05,Low Risk,Regular customer relationship maintenance,Customer is likely to remain with the bank
737967708,0,3e-06,Low Risk,Regular customer relationship maintenance,Customer is likely to remain with the bank
798110358,0,0.010113,Low Risk,Regular customer relationship maintenance,Customer is likely to remain with the bank
789582483,0,0.0,Low Risk,Regular customer relationship maintenance,Customer is likely to remain with the bank
710529708,0,0.000453,Low Risk,Regular customer relationship maintenance,Customer is likely to remain with the bank
789526458,0,0.000616,Low Risk,Regular customer relationship maintenance,Customer is likely to remain with the bank
711039633,0,0.006019,Low Risk,Regular customer relationship maintenance,Customer is likely to remain with the bank
828294933,1,0.999839,High Risk,Immediate retention campaign required,Customer is likely to churn based on behavioral patterns
720422358,0,0.000103,Low Risk,Regular customer relationship maintenance,Customer is likely to remain with the bank
720252858,0,0.000684,Low Risk,Regular customer relationship maintenance,Customer is likely to remain with the bank
788966958,0,6e-06,Low Risk,Regular customer relationship maintenance,Customer is likely to remain with the bank
714435408,0,1e-06,Low Risk,Regular customer relationship maintenance,Customer is likely to remain with the bank
713453733,0,1.5e-05,Low Risk,Regular customer relationship maintenance,Customer is likely to remain with the bank
711208083,0,1e-06,Low Risk,Regular customer relationship maintenance,Customer is likely to remain with the bank
721220583,0,0.0,Low Risk,Regular customer relationship maintenance,Customer is likely to remain with the bank
720205608,0,0.0,Low Risk,Regular customer relationship maintenance,Customer is likely to remain with the bank
789983133,0,0.000347,Low Risk,Regular customer relationship maintenance,Customer is likely to remain with the bank
787581858,0,0.0,Low Risk,Regular customer relationship maintenance,Customer is likely to remain with the bank
708705783,1,1.0,High Risk,Immediate retention campaign required,Customer is likely to churn based on behavioral patterns
717234183,0,0.000641,Low Risk,Regular customer relationship maintenance,Customer is likely to remain with the bank
808705758,0,1e-06,Low Risk,Regular customer relationship maintenance,Customer is likely to remain with the bank
711183558,0,0.00192,Low Risk,Regular customer relationship maintenance,Customer is likely to remain with the bank
812979408,1,0.999988,High Risk,Immediate retention campaign required,Customer is likely to churn based on behavioral patterns
715354008,0,1e-06,Low Risk,Regular customer relationship maintenance,Customer is likely to remain with the bank
721062408,0,0.241789,Low Risk,Regular customer relationship maintenance,Customer is likely to remain with the bank
712410858,0,0.0,Low Risk,Regular customer relationship maintenance,Customer is likely to remain with the bank
779116158,0,0.001726,Low Risk,Regular customer relationship maintenance,Customer is likely to remain with the bank
712866933,0,0.0,Low Risk,Regular customer relationship maintenance,Customer is likely to remain with the bank
710411358,1,1.0,High Risk,Immediate retention campaign required,Customer is likely to churn based on behavioral patterns
771881283,0,1.8e-05,Low Risk,Regular customer relationship maintenance,Customer is likely to remain with the bank
715363908,0,0.008467,Low Risk,Regular customer relationship maintenance,Customer is likely to remain with the bank
789560433,1,0.999994,High Risk,Immediate retention campaign required,Customer is likely to churn based on behavioral patterns
709752183,0,2e-06,Low Risk,Regular customer relationship maintenance,Customer is likely to remain with the bank
807161508,0,1.8e-05,Low Risk,Regular customer relationship maintenance,Customer is likely to remain with the bank
708393633,0,4e-06,Low Risk,Regular customer relationship maintenance,Customer is likely to remain with the bank
771886233,0,0.0,Low Risk,Regular customer relationship maintenance,Customer is likely to remain with the bank
716930133,0,0.000441,Low Risk,Regular customer relationship maintenance,Customer is likely to remain with the bank
809937933,0,7e-06,Low Risk,Regular customer relationship maintenance,Customer is likely to remain with the bank
816596583,0,1e-06,Low Risk,Regular customer relationship maintenance,Customer is likely to remain with the bank
718803333,0,3e-06,Low Risk,Regular customer relationship maintenance,Customer is likely to remain with the bank
795237183,0,7e-06,Low Risk,Regular customer relationship maintenance,Customer is likely to remain with the bank
720419358,0,1e-06,Low Risk,Regular customer relationship maintenance,Customer is likely to remain with the bank
719514783,0,3e-06,Low Risk,Regular customer relationship maintenance,Customer is likely to remain with the bank
780374133,0,0.0,Low Risk,Regular customer relationship maintenance,Customer is likely to remain with the bank
810868758,0,5e-06,Low Risk,Regular customer relationship maintenance,Customer is likely to remain with the bank
714286383,0,0.0,Low Risk,Regular customer relationship maintenance,Customer is likely to remain with the bank
708588408,0,1.5e-05,Low Risk,Regular customer relationship maintenance,Customer is likely to remain with the bank
813338733,0,0.0,Low Risk,Regular customer relationship maintenance,Customer is likely to remain with the bank
788826408,0,0.000334,Low Risk,Regular customer relationship maintenance,Customer is likely to remain with the bank
713134458,0,2e-06,Low Risk,Regular customer relationship maintenance,Customer is likely to remain with the bank
716350008,0,0.0,Low Risk,Regular customer relationship maintenance,Customer is likely to remain with the bank
738062658,0,0.0,Low Risk,Regular customer relationship maintenance,Customer is likely to remain with the bank
709449333,0,0.0,Low Risk,Regular customer relationship maintenance,Customer is likely to remain with the bank
718665933,0,5.1e-05,Low Risk,Regular customer relationship maintenance,Customer is likely to remain with the bank
748503708,0,1.8e-05,Low Risk,Regular customer relationship maintenance,Customer is likely to remain with the bank
807141183,0,0.000467,Low Risk,Regular customer relationship maintenance,Customer is likely to remain with the bank
766381908,0,4e-06,Low Risk,Regular customer relationship maintenance,Customer is likely to remain with the bank
822112383,0,0.0,Low Risk,Regular customer relationship maintenance,Customer is likely to remain with the bank
709061658,0,1.1e-05,Low Risk,Regular customer relationship maintenance,Customer is likely to remain with the bank
797166633,0,1e-06,Low Risk,Regular customer relationship maintenance,Customer is likely to remain with the bank
789435783,0,1.8e-05,Low Risk,Regular customer relationship maintenance,Customer is likely to remain with the bank
708266883,1,0.99983,High Risk,Immediate retention campaign required,Customer is likely to churn based on behavioral patterns
716793108,0,1e-06,Low Risk,Regular customer relationship maintenance,Customer is likely to remain with the bank
712253058,0,0.0,Low Risk,Regular customer relationship maintenance,Customer is likely to remain with the bank
716430933,0,0.0,Low Risk,Regular customer relationship maintenance,Customer is likely to remain with the bank
715746633,0,0.006635,Low Risk,Regular customer relationship maintenance,Customer is likely to remain with the bank
714842208,0,0.0,Low Risk,Regular customer relationship maintenance,Customer is likely to remain with the bank
713879283,0,0.003351,Low Risk,Regular customer relationship maintenance,Customer is likely to remain with the bank
778679883,0,3.7e-05,Low Risk,Regular customer relationship maintenance,Customer is likely to remain with the bank
712110333,1,1.0,High Risk,Immediate retention campaign required,Customer is likely to churn based on behavioral patterns
720724008,0,3e-06,Low Risk,Regular customer relationship maintenance,Customer is likely to remain with the bank
708387933,0,3.1e-05,Low Risk,Regular customer relationship maintenance,Customer is likely to remain with the bank
712165308,0,1e-06,Low Risk,Regular customer relationship maintenance,Customer is likely to remain with the bank
720283758,1,0.997828,High Risk,Immediate retention campaign required,Customer is likely to churn based on behavioral patterns
708473133,0,0.000362,Low Risk,Regular customer relationship maintenance,Customer is likely to remain with the bank
810493458,0,0.000162,Low Risk,Regular customer relationship maintenance,Customer is likely to remain with the bank
711122958,1,0.999998,High Risk,Immediate retention campaign required,Customer is likely to churn based on behavioral patterns
721502958,0,3e-06,Low Risk,Regular customer relationship maintenance,Customer is likely to remain with the bank
715908558,0,0.007085,Low Risk,Regular customer relationship maintenance,Customer is likely to remain with the bank
711594858,0,5e-06,Low Risk,Regular customer relationship maintenance,Customer is likely to remain with the bank
789513858,1,1.0,High Risk,Immediate retention campaign required,Customer is likely to churn based on behavioral patterns
712795833,1,0.99989,High Risk,Immediate retention campaign required,Customer is likely to churn based on behavioral patterns
719628033,0,0.000305,Low Risk,Regular customer relationship maintenance,Customer is likely to remain with the bank
718282983,0,0.0,Low Risk,Regular customer relationship maintenance,Customer is likely to remain with the bank
714121983,0,9.4e-05,Low Risk,Regular customer relationship maintenance,Customer is likely to remain with the bank
709791333,0,3.5e-05,Low Risk,Regular customer relationship maintenance,Customer is likely to remain with the bank
779916408,0,0.000135,Low Risk,Regular customer relationship maintenance,Customer is likely to remain with the bank
711657783,0,1.5e-05,Low Risk,Regular customer relationship maintenance,Customer is likely to remain with the bank
780203883,0,1e-06,Low Risk,Regular customer relationship maintenance,Customer is likely to remain with the bank
709367433,0,9.2e-05,Low Risk,Regular customer relationship maintenance,Customer is likely to remain with the bank
736145283,0,2e-05,Low Risk,Regular customer relationship maintenance,Customer is likely to remain with the bank
711516783,0,0.000336,Low Risk,Regular customer relationship maintenance,Customer is likely to remain with the bank
712104333,0,6.8e-05,Low Risk,Regular customer relationship maintenance,Customer is likely to remain with the bank
711116133,1,0.999816,High Risk,Immediate retention campaign required,Customer is likely to churn based on behavioral patterns
712988958,0,9.2e-05,Low Risk,Regular customer relationship maintenance,Customer is likely to remain with the bank
771201408,0,1e-06,Low Risk,Regular customer relationship maintenance,Customer is likely to remain with the bank
712011633,0,1e-06,Low Risk,Regular customer relationship maintenance,Customer is likely to remain with the bank
713579733,0,1e-06,Low Risk,Regular customer relationship maintenance,Customer is likely to remain with the bank
796544133,0,8e-06,Low Risk,Regular customer relationship maintenance,Customer is likely to remain with the bank
709272333,0,3.8e-05,Low Risk,Regular customer relationship maintenance,Customer is likely to remain with the bank
715153158,0,0.000366,Low Risk,Regular customer relationship maintenance,Customer is likely to remain with the bank
779342958,0,0.000184,Low Risk,Regular customer relationship maintenance,Customer is likely to remain with the bank
810545733,0,1e-06,Low Risk,Regular customer relationship maintenance,Customer is likely to remain with the bank
805453908,0,0.0,Low Risk,Regular customer relationship maintenance,Customer is likely to remain with the bank
817086783,0,9e-06,Low Risk,Regular customer relationship maintenance,Customer is likely to remain with the bank
714943233,0,1e-06,Low Risk,Regular customer relationship maintenance,Customer is likely to remain with the bank
789097833,0,3.3e-05,Low Risk,Regular customer relationship maintenance,Customer is likely to remain with the bank
759584958,1,1.0,High Risk,Immediate retention campaign required,Customer is likely to churn based on behavioral patterns
708886533,0,0.0,Low Risk,Regular customer relationship maintenance,Customer is likely to remain with the bank
708761733,0,0.04535,Low Risk,Regular customer relationship maintenance,Customer is likely to remain with the bank
711600033,0,5.4e-05,Low Risk,Regular customer relationship maintenance,Customer is likely to remain with the bank
769935783,0,5.1e-05,Low Risk,Regular customer relationship maintenance,Customer is likely to remain with the bank
717446208,0,7e-06,Low Risk,Regular customer relationship maintenance,Customer is likely to remain with the bank
721121283,0,3e-06,Low Risk,Regular customer relationship maintenance,Customer is likely to remain with the bank
819151083,0,1e-06,Low Risk,Regular customer relationship maintenance,Customer is likely to remain with the bank
716470683,0,5.4e-05,Low Risk,Regular customer relationship maintenance,Customer is likely to remain with the bank
779643858,0,0.000202,Low Risk,Regular customer relationship maintenance,Customer is likely to remain with the bank
787665258,1,0.999941,High Risk,Immediate retention campaign required,Customer is likely to churn based on behavioral patterns
787475433,0,1e-06,Low Risk,Regular customer relationship maintenance,Customer is likely to remain with the bank
717448383,1,1.0,High Risk,Immediate retention campaign required,Customer is likely to churn based on behavioral patterns
710812533,1,0.999925,High Risk,Immediate retention campaign required,Customer is likely to churn based on behavioral patterns
716461683,0,1e-06,Low Risk,Regular customer relationship maintenance,Customer is likely to remain with the bank
814571058,0,0.0,Low Risk,Regular customer relationship maintenance,Customer is likely to remain with the bank
712071708,0,0.044598,Low Risk,Regular customer relationship maintenance,Customer is likely to remain with the bank
720769533,0,5e-06,Low Risk,Regular customer relationship maintenance,Customer is likely to remain with the bank
794581533,0,1e-06,Low Risk,Regular customer relationship maintenance,Customer is likely to remain with the bank
715732533,1,0.999817,High Risk,Immediate retention campaign required,Customer is likely to churn based on behavioral patterns
708286683,0,1e-06,Low Risk,Regular customer relationship maintenance,Customer is likely to remain with the bank
708543258,0,4e-06,Low Risk,Regular customer relationship maintenance,Customer is likely to remain with the bank
713809833,0,0.0,Low Risk,Regular customer relationship maintenance,Customer is likely to remain with the bank
793636308,0,1e-06,Low Risk,Regular customer relationship maintenance,Customer is likely to remain with the bank
789095958,1,0.99999,High Risk,Immediate retention campaign required,Customer is likely to churn based on behavioral patterns
757722708,0,3e-06,Low Risk,Regular customer relationship maintenance,Customer is likely to remain with the bank
738627708,1,0.999988,High Risk,Immediate retention campaign required,Customer is likely to churn based on behavioral patterns
820353558,0,8.5e-05,Low Risk,Regular customer relationship maintenance,Customer is likely to remain with the bank
718739508,0,0.002343,Low Risk,Regular customer relationship maintenance,Customer is likely to remain with the bank
788943333,1,0.999914,High Risk,Immediate retention campaign required,Customer is likely to churn based on behavioral patterns
708397008,0,0.0,Low Risk,Regular customer relationship maintenance,Customer is likely to remain with the bank
711392508,0,2.5e-05,Low Risk,Regular customer relationship maintenance,Customer is likely to remain with the bank
780653208,0,1.1e-05,Low Risk,Regular customer relationship maintenance,Customer is likely to remain with the bank
710251608,0,0.000469,Low Risk,Regular customer relationship maintenance,Customer is likely to remain with the bank
719354433,0,9e-06,Low Risk,Regular customer relationship maintenance,Customer is likely to remain with the bank
710676483,0,0.00036,Low Risk,Regular customer relationship maintenance,Customer is likely to remain with the bank
826414083,0,0.0,Low Risk,Regular customer relationship maintenance,Customer is likely to remain with the bank
720673008,0,1e-06,Low Risk,Regular customer relationship maintenance,Customer is likely to remain with the bank
716736858,0,0.0,Low Risk,Regular customer relationship maintenance,Customer is likely to remain with the bank
715660308,1,0.99997,High Risk,Immediate retention campaign required,Customer is likely to churn based on behavioral patterns
785387883,0,1.3e-05,Low Risk,Regular customer relationship maintenance,Customer is likely to remain with the bank
721028283,0,0.0,Low Risk,Regular customer relationship maintenance,Customer is likely to remain with the bank
717797658,0,6e-06,Low Risk,Regular customer relationship maintenance,Customer is likely to remain with the bank
712390683,0,0.016927,Low Risk,Regular customer relationship maintenance,Customer is likely to remain with the bank
717965808,0,2.2e-05,Low Risk,Regular customer relationship maintenance,Customer is likely to remain with the bank
721514883,0,2.6e-05,Low Risk,Regular customer relationship maintenance,Customer is likely to remain with the bank
718477983,0,1.4e-05,Low Risk,Regular customer relationship maintenance,Customer is likely to remain with the bank
719671383,0,7e-06,Low Risk,Regular customer relationship maintenance,Customer is likely to remain with the bank
711191808,0,4.8e-05,Low Risk,Regular customer relationship maintenance,Customer is likely to remain with the bank
708637758,0,5.3e-05,Low Risk,Regular customer relationship maintenance,Customer is likely to remain with the bank
794675058,1,0.999999,High Risk,Immediate retention campaign required,Customer is likely to churn based on behavioral patterns
720508233,1,0.965313,High Risk,Immediate retention campaign required,Customer is likely to churn based on behavioral patterns
713094483,0,3.7e-05,Low Risk,Regular customer relationship maintenance,Customer is likely to remain with the bank
780064983,0,0.00023,Low Risk,Regular customer relationship maintenance,Customer is likely to remain with the bank
710155158,1,1.0,High Risk,Immediate retention campaign required,Customer is likely to churn based on behavioral patterns
710904708,0,1e-06,Low Risk,Regular customer relationship maintenance,Customer is likely to remain with the bank
801715383,1,0.999961,High Risk,Immediate retention campaign required,Customer is likely to churn based on behavioral patterns
806889633,0,1e-05,Low Risk,Regular customer relationship maintenance,Customer is likely to remain with the bank
794831733,0,0.00038,Low Risk,Regular customer relationship maintenance,Customer is likely to remain with the bank
712019883,0,5.2e-05,Low Risk,Regular customer relationship maintenance,Customer is likely to remain with the bank
770956158,0,2e-06,Low Risk,Regular customer relationship maintenance,Customer is likely to remain with the bank
778386033,0,0.057137,Low Risk,Regular customer relationship maintenance,Customer is likely to remain with the bank
708147108,0,0.0,Low Risk,Regular customer relationship maintenance,Customer is likely to remain with the bank
710310108,0,0.0,Low Risk,Regular customer relationship maintenance,Customer is likely to remain with the bank
771982083,0,8e-06,Low Risk,Regular customer relationship maintenance,Customer is likely to remain with the bank
714754533,0,0.0,Low Risk,Regular customer relationship maintenance,Customer is likely to remain with the bank
717626508,0,0.0,Low Risk,Regular customer relationship maintenance,Customer is likely to remain with the bank
718328283,0,0.0,Low Risk,Regular customer relationship maintenance,Customer is likely to remain with the bank
716739258,0,1e-05,Low Risk,Regular customer relationship maintenance,Customer is likely to remain with the bank
714277758,0,0.00011,Low Risk,Regular customer relationship maintenance,Customer is likely to remain with the bank
720210483,0,0.0,Low Risk,Regular customer relationship maintenance,Customer is likely to remain with the bank
720411183,0,0.0,Low Risk,Regular customer relationship maintenance,Customer is likely to remain with the bank
711379083,0,2e-06,Low Risk,Regular customer relationship maintenance,Customer is likely to remain with the bank
798558783,0,0.0,Low Risk,Regular customer relationship maintenance,Customer is likely to remain with the bank
713363583,0,0.0,Low Risk,Regular customer relationship maintenance,Customer is likely to remain with the bank
720339558,0,9e-06,Low Risk,Regular customer relationship maintenance,Customer is likely to remain with the bank
715008858,0,4e-06,Low Risk,Regular customer relationship maintenance,Customer is likely to remain with the bank
779037408,0,0.00079,Low Risk,Regular customer relationship maintenance,Customer is likely to remain with the bank
721513833,0,2e-06,Low Risk,Regular customer relationship maintenance,Customer is likely to remain with the bank
714311583,0,0.0,Low Risk,Regular customer relationship maintenance,Customer is likely to remain with the bank
797414733,0,0.008544,Low Risk,Regular customer relationship maintenance,Customer is likely to remain with the bank
716864733,0,0.041605,Low Risk,Regular customer relationship maintenance,Customer is likely to remain with the bank
712924383,1,1.0,High Risk,Immediate retention campaign required,Customer is likely to churn based on behavioral patterns
719854008,0,0.000352,Low Risk,Regular customer relationship maintenance,Customer is likely to remain with the bank
771630783,0,3e-06,Low Risk,Regular customer relationship maintenance,Customer is likely to remain with the bank
771471708,0,0.0,Low Risk,Regular customer relationship maintenance,Customer is likely to remain with the bank
769463433,0,3.5e-05,Low Risk,Regular customer relationship maintenance,Customer is likely to remain with the bank
711377808,0,0.0,Low Risk,Regular customer relationship maintenance,Customer is likely to remain with the bank
713133258,0,0.0,Low Risk,Regular customer relationship maintenance,Customer is likely to remain with the bank
718162908,0,0.002147,Low Risk,Regular customer relationship maintenance,Customer is likely to remain with the bank
713257083,0,0.0,Low Risk,Regular customer relationship maintenance,Customer is likely to remain with the bank
772687983,0,0.0,Low Risk,Regular customer relationship maintenance,Customer is likely to remain with the bank
711535158,1,0.99969,High Risk,Immediate retention campaign required,Customer is likely to churn based on behavioral patterns
799700208,0,4e-06,Low Risk,Regular customer relationship maintenance,Customer is likely to remain with the bank
717177783,0,5e-06,Low Risk,Regular customer relationship maintenance,Customer is likely to remain with the bank
711402333,0,6.4e-05,Low Risk,Regular customer relationship maintenance,Customer is likely to remain with the bank
714304458,0,6.7e-05,Low Risk,Regular customer relationship maintenance,Customer is likely to remain with the bank
713347608,1,0.999782,High Risk,Immediate retention campaign required,Customer is likely to churn based on behavioral patterns
718303683,1,0.999999,High Risk,Immediate retention campaign required,Customer is likely to churn based on behavioral patterns
714317058,0,4e-06,Low Risk,Regular customer relationship maintenance,Customer is likely to remain with the bank
718152333,1,0.999999,High Risk,Immediate retention campaign required,Customer is likely to churn based on behavioral patterns
716385033,0,5e-06,Low Risk,Regular customer relationship maintenance,Customer is likely to remain with the bank
720674133,0,0.000404,Low Risk,Regular customer relationship maintenance,Customer is likely to remain with the bank
719153433,0,0.0,Low Risk,Regular customer relationship maintenance,Customer is likely to remain with the bank
712765158,0,3.5e-05,Low Risk,Regular customer relationship maintenance,Customer is likely to remain with the bank
713229633,1,0.999977,High Risk,Immediate retention campaign required,Customer is likely to churn based on behavioral patterns
712256358,0,2e-06,Low Risk,Regular customer relationship maintenance,Customer is likely to remain with the bank
717656433,0,7e-06,Low Risk,Regular customer relationship maintenance,Customer is likely to remain with the bank
771081558,0,0.0,Low Risk,Regular customer relationship maintenance,Customer is likely to remain with the bank
710702733,0,5e-05,Low Risk,Regular customer relationship maintenance,Customer is likely to remain with the bank
779612808,0,1.9e-05,Low Risk,Regular customer relationship maintenance,Customer is likely to remain with the bank
713904708,0,0.0,Low Risk,Regular customer relationship maintenance,Customer is likely to remain with the bank
716546283,0,0.000111,Low Risk,Regular customer relationship maintenance,Customer is likely to remain with the bank
711670308,0,0.0,Low Risk,Regular customer relationship maintenance,Customer is likely to remain with the bank
710856558,0,0.0,Low Risk,Regular customer relationship maintenance,Customer is likely to remain with the bank
713639958,0,1.4e-05,Low Risk,Regular customer relationship maintenance,Customer is likely to remain with the bank
716987358,1,0.999984,High Risk,Immediate retention campaign required,Customer is likely to churn based on behavioral patterns
720008133,0,1e-05,Low Risk,Regular customer relationship maintenance,Customer is likely to remain with the bank
710084883,0,6e-06,Low Risk,Regular customer relationship maintenance,Customer is likely to remain with the bank
816476658,1,0.999991,High Risk,Immediate retention campaign required,Customer is likely to churn based on behavioral patterns
778486008,0,2e-06,Low Risk,Regular customer relationship maintenance,Customer is likely to remain with the bank
769053033,1,0.999975,High Risk,Immediate retention campaign required,Customer is likely to churn based on behavioral patterns
716171358,0,0.0,Low Risk,Regular customer relationship maintenance,Customer is likely to remain with the bank
772684833,0,0.0,Low Risk,Regular customer relationship maintenance,Customer is likely to remain with the bank
709485033,0,0.0,Low Risk,Regular customer relationship maintenance,Customer is likely to remain with the bank
713352183,0,8e-06,Low Risk,Regular customer relationship maintenance,Customer is likely to remain with the bank
712557708,0,2e-06,Low Risk,Regular customer relationship maintenance,Customer is likely to remain with the bank
821149008,1,0.999991,High Risk,Immediate retention campaign required,Customer is likely to churn based on behavioral patterns
711816108,1,1.0,High Risk,Immediate retention campaign required,Customer is likely to churn based on behavioral patterns
712532058,0,0.000377,Low Risk,Regular customer relationship maintenance,Customer is likely to remain with the bank
718811058,0,0.0,Low Risk,Regular customer relationship maintenance,Customer is likely to remain with the bank
713696808,1,1.0,High Risk,Immediate retention campaign required,Customer is likely to churn based on behavioral patterns
753233733,0,8e-06,Low Risk,Regular customer relationship maintenance,Customer is likely to remain with the bank
717030633,0,7e-06,Low Risk,Regular customer relationship maintenance,Customer is likely to remain with the bank
718320933,0,0.0,Low Risk,Regular customer relationship maintenance,Customer is likely to remain with the bank
714608583,1,1.0,High Risk,Immediate retention campaign required,Customer is likely to churn based on behavioral patterns
715942683,0,0.0,Low Risk,Regular customer relationship maintenance,Customer is likely to remain with the bank
771356508,0,0.000111,Low Risk,Regular customer relationship maintenance,Customer is likely to remain with the bank
711326583,0,0.002387,Low Risk,Regular customer relationship maintenance,Customer is likely to remain with the bank
714621183,0,2e-06,Low Risk,Regular customer relationship maintenance,Customer is likely to remain with the bank
712805658,0,7e-06,Low Risk,Regular customer relationship maintenance,Customer is likely to remain with the bank
808981608,0,0.0,Low Risk,Regular customer relationship maintenance,Customer is likely to remain with the bank
718337733,0,0.0,Low Risk,Regular customer relationship maintenance,Customer is likely to remain with the bank
715921758,0,0.0,Low Risk,Regular customer relationship maintenance,Customer is likely to remain with the bank
779803008,0,0.0,Low Risk,Regular customer relationship maintenance,Customer is likely to remain with the bank
717195933,1,1.0,High Risk,Immediate retention campaign required,Customer is likely to churn based on behavioral patterns
712562433,1,0.999972,High Risk,Immediate retention campaign required,Customer is likely to churn based on behavioral patterns
769578108,0,1.3e-05,Low Risk,Regular customer relationship maintenance,Customer is likely to remain with the bank
715442958,0,0.0,Low Risk,Regular customer relationship maintenance,Customer is likely to remain with the bank
708402333,0,0.0,Low Risk,Regular customer relationship maintenance,Customer is likely to remain with the bank
719334408,0,0.000319,Low Risk,Regular customer relationship maintenance,Customer is likely to remain with the bank
788246958,0,0.0,Low Risk,Regular customer relationship maintenance,Customer is likely to remain with the bank
780336258,0,2e-05,Low Risk,Regular customer relationship maintenance,Customer is likely to remain with the bank
772706283,0,2e-06,Low Risk,Regular customer relationship maintenance,Customer is likely to remain with the bank
780684933,0,0.0,Low Risk,Regular customer relationship maintenance,Customer is likely to remain with the bank
712927383,1,1.0,High Risk,Immediate retention campaign required,Customer is likely to churn based on behavioral patterns
712820208,0,0.0,Low Risk,Regular customer relationship maintenance,Customer is likely to remain with the bank
721434483,0,4.4e-05,Low Risk,Regular customer relationship maintenance,Customer is likely to remain with the bank
720659283,0,2.3e-05,Low Risk,Regular customer relationship maintenance,Customer is likely to remain with the bank
716004258,0,1e-06,Low Risk,Regular customer relationship maintenance,Customer is likely to remain with the bank
713111883,0,7e-05,Low Risk,Regular customer relationship maintenance,Customer is likely to remain with the bank
772248408,0,2.1e-05,Low Risk,Regular customer relationship maintenance,Customer is likely to remain with the bank
787492908,0,0.0,Low Risk,Regular customer relationship maintenance,Customer is likely to remain with the bank
718227033,0,1e-06,Low Risk,Regular customer relationship maintenance,Customer is likely to remain with the bank
711320508,0,1e-06,Low Risk,Regular customer relationship maintenance,Customer is likely to remain with the bank
718828083,0,1e-06,Low Risk,Regular customer relationship maintenance,Customer is likely to remain with the bank
709823733,1,0.999982,High Risk,Immediate retention campaign required,Customer is likely to churn based on behavioral patterns
772116408,0,0.0,Low Risk,Regular customer relationship maintenance,Customer is likely to remain with the bank
717355533,0,0.0,Low Risk,Regular customer relationship maintenance,Customer is likely to remain with the bank
715932708,0,0.0,Low Risk,Regular customer relationship maintenance,Customer is likely to remain with the bank
719679858,0,0.000147,Low Risk,Regular customer relationship maintenance,Customer is likely to remain with the bank
772323033,0,0.0,Low Risk,Regular customer relationship maintenance,Customer is likely to remain with the bank
714168183,0,3.6e-05,Low Risk,Regular customer relationship maintenance,Customer is likely to remain with the bank
710719683,0,2e-06,Low Risk,Regular customer relationship maintenance,Customer is likely to remain with the bank
719876808,0,3.5e-05,Low Risk,Regular customer relationship maintenance,Customer is likely to remain with the bank
778894233,0,0.0,Low Risk,Regular customer relationship maintenance,Customer is likely to remain with the bank
712881483,0,0.004457,Low Risk,Regular customer relationship maintenance,Customer is likely to remain with the bank
789481233,1,1.0,High Risk,Immediate retention campaign required,Customer is likely to churn based on behavioral patterns
714767508,0,0.000153,Low Risk,Regular customer relationship maintenance,Customer is likely to remain with the bank
789144633,0,0.002931,Low Risk,Regular customer relationship maintenance,Customer is likely to remain with the bank
710635083,0,0.000175,Low Risk,Regular customer relationship maintenance,Customer is likely to remain with the bank
711557508,0,1.2e-05,Low Risk,Regular customer relationship maintenance,Customer is likely to remain with the bank
720650208,0,0.065376,Low Risk,Regular customer relationship maintenance,Customer is likely to remain with the bank
810856833,0,1e-06,Low Risk,Regular customer relationship maintenance,Customer is likely to remain with the bank
712828533,0,0.185582,Low Risk,Regular customer relationship maintenance,Customer is likely to remain with the bank
714503433,1,1.0,High Risk,Immediate retention campaign required,Customer is likely to churn based on behavioral patterns
817245183,0,0.0,Low Risk,Regular customer relationship maintenance,Customer is likely to remain with the bank
709106358,0,0.000179,Low Risk,Regular customer relationship maintenance,Customer is likely to remain with the bank
720179883,0,2e-06,Low Risk,Regular customer relationship maintenance,Customer is likely to remain with the bank
816756783,0,4.3e-05,Low Risk,Regular customer relationship maintenance,Customer is likely to remain with the bank
812501358,0,1.5e-05,Low Risk,Regular customer relationship maintenance,Customer is likely to remain with the bank
717203958,0,1.3e-05,Low Risk,Regular customer relationship maintenance,Customer is likely to remain with the bank
719661558,0,0.000177,Low Risk,Regular customer relationship maintenance,Customer is likely to remain with the bank
716297658,0,0.000444,Low Risk,Regular customer relationship maintenance,Customer is likely to remain with the bank
756065433,0,0.000123,Low Risk,Regular customer relationship maintenance,Customer is likely to remain with the bank
717076458,0,1e-06,Low Risk,Regular customer relationship maintenance,Customer is likely to remain with the bank
716586408,0,2e-06,Low Risk,Regular customer relationship maintenance,Customer is likely to remain with the bank
719776608,0,0.000293,Low Risk,Regular customer relationship maintenance,Customer is likely to remain with the bank
710268858,0,6e-06,Low Risk,Regular customer relationship maintenance,Customer is likely to remain with the bank
719400108,0,1e-06,Low Risk,Regular customer relationship maintenance,Customer is likely to remain with the bank
715398858,0,0.003348,Low Risk,Regular customer relationship maintenance,Customer is likely to remain with the bank
717359208,0,0.0,Low Risk,Regular customer relationship maintenance,Customer is likely to remain with the bank
788595183,0,1.3e-05,Low Risk,Regular customer relationship maintenance,Customer is likely to remain with the bank
772082208,0,0.0,Low Risk,Regular customer relationship maintenance,Customer is likely to remain with the bank
720770883,0,8e-06,Low Risk,Regular customer relationship maintenance,Customer is likely to remain with the bank
716263533,0,0.0,Low Risk,Regular customer relationship maintenance,Customer is likely to remain with the bank
719848008,0,4e-06,Low Risk,Regular customer relationship maintenance,Customer is likely to remain with the bank
717073308,0,0.000439,Low Risk,Regular customer relationship maintenance,Customer is likely to remain with the bank
716277558,0,6.3e-05,Low Risk,Regular customer relationship maintenance,Customer is likely to remain with the bank
712010358,1,1.0,High Risk,Immediate retention campaign required,Customer is likely to churn based on behavioral patterns
709319658,1,1.0,High Risk,Immediate retention campaign required,Customer is likely to churn based on behavioral patterns
794665608,0,0.000889,Low Risk,Regular customer relationship maintenance,Customer is likely to remain with the bank
708997833,0,2e-06,Low Risk,Regular customer relationship maintenance,Customer is likely to remain with the bank
717135333,0,0.0,Low Risk,Regular customer relationship maintenance,Customer is likely to remain with the bank
795784008,1,1.0,High Risk,Immediate retention campaign required,Customer is likely to churn based on behavioral patterns
711728208,0,0.0,Low Risk,Regular customer relationship maintenance,Customer is likely to remain with the bank
737925558,0,0.0,Low Risk,Regular customer relationship maintenance,Customer is likely to remain with the bank
719147208,0,0.0,Low Risk,Regular customer relationship maintenance,Customer is likely to remain with the bank
715941633,0,0.00051,Low Risk,Regular customer relationship maintenance,Customer is likely to remain with the bank
714078558,1,0.999999,High Risk,Immediate retention campaign required,Customer is likely to churn based on behavioral patterns
719453283,0,0.0,Low Risk,Regular customer relationship maintenance,Customer is likely to remain with the bank
794507133,1,0.995151,High Risk,Immediate retention campaign required,Customer is likely to churn based on behavioral patterns
710790258,0,2.8e-05,Low Risk,Regular customer relationship maintenance,Customer is likely to remain with the bank
755953308,0,2e-05,Low Risk,Regular customer relationship maintenance,Customer is likely to remain with the bank
712710708,0,2.3e-05,Low Risk,Regular customer relationship maintenance,Customer is likely to remain with the bank
717843783,0,7.6e-05,Low Risk,Regular customer relationship maintenance,Customer is likely to remain with the bank
710297133,0,1.5e-05,Low Risk,Regular customer relationship maintenance,Customer is likely to remain with the bank
716222808,0,4.4e-05,Low Risk,Regular customer relationship maintenance,Customer is likely to remain with the bank
714069858,0,0.001623,Low Risk,Regular customer relationship maintenance,Customer is likely to remain with the bank
787659483,0,2.2e-05,Low Risk,Regular customer relationship maintenance,Customer is likely to remain with the bank
757167633,0,1e-06,Low Risk,Regular customer relationship maintenance,Customer is likely to remain with the bank
717207408,0,3e-06,Low Risk,Regular customer relationship maintenance,Customer is likely to remain with the bank
778224858,0,0.0,Low Risk,Regular customer relationship maintenance,Customer is likely to remain with the bank
709103358,0,0.0,Low Risk,Regular customer relationship maintenance,Customer is likely to remain with the bank
816829608,0,2.4e-05,Low Risk,Regular customer relationship maintenance,Customer is likely to remain with the bank
719838558,0,0.0,Low Risk,Regular customer relationship maintenance,Customer is likely to remain with the bank
718161708,0,0.000377,Low Risk,Regular customer relationship maintenance,Customer is likely to remain with the bank
717382608,0,2e-06,Low Risk,Regular customer relationship maintenance,Customer is likely to remain with the bank
711762408,0,1e-06,Low Risk,Regular customer relationship maintenance,Customer is likely to remain with the bank
811571733,0,1e-06,Low Risk,Regular customer relationship maintenance,Customer is likely to remain with the bank
779403558,0,9e-06,Low Risk,Regular customer relationship maintenance,Customer is likely to remain with the bank
718399233,0,0.000679,Low Risk,Regular customer relationship maintenance,Customer is likely to remain with the bank
711343233,0,0.001094,Low Risk,Regular customer relationship maintenance,Customer is likely to remain with the bank
779536233,0,6e-06,Low Risk,Regular customer relationship maintenance,Customer is likely to remain with the bank
718893333,0,0.0,Low Risk,Regular customer relationship maintenance,Customer is likely to remain with the bank
716697708,1,0.999991,High Risk,Immediate retention campaign required,Customer is likely to churn based on behavioral patterns
708788583,1,0.999999,High Risk,Immediate retention campaign required,Customer is likely to churn based on behavioral patterns
713808633,0,0.0,Low Risk,Regular customer relationship maintenance,Customer is likely to remain with the bank
721210158,0,1.3e-05,Low Risk,Regular customer relationship maintenance,Customer is likely to remain with the bank
789666333,0,1.2e-05,Low Risk,Regular customer relationship maintenance,Customer is likely to remain with the bank
710872233,0,0.023088,Low Risk,Regular customer relationship maintenance,Customer is likely to remain with the bank
780497958,0,3e-05,Low Risk,Regular customer relationship maintenance,Customer is likely to remain with the bank
798047583,0,0.000284,Low Risk,Regular customer relationship maintenance,Customer is likely to remain with the bank
817089408,0,2e-06,Low Risk,Regular customer relationship maintenance,Customer is likely to remain with the bank
787472283,0,0.0,Low Risk,Regular customer relationship maintenance,Customer is likely to remain with the bank
801786483,0,0.000117,Low Risk,Regular customer relationship maintenance,Customer is likely to remain with the bank
709040508,0,0.0,Low Risk,Regular customer relationship maintenance,Customer is likely to remain with the bank
709257708,0,1e-06,Low Risk,Regular customer relationship maintenance,Customer is likely to remain with the bank
753118533,0,1e-06,Low Risk,Regular customer relationship maintenance,Customer is likely to remain with the bank
812222208,0,0.01098,Low Risk,Regular customer relationship maintenance,Customer is likely to remain with the bank
714187533,0,0.000564,Low Risk,Regular customer relationship maintenance,Customer is likely to remain with the bank
789180933,0,1e-06,Low Risk,Regular customer relationship maintenance,Customer is likely to remain with the bank
718140783,0,1.9e-05,Low Risk,Regular customer relationship maintenance,Customer is likely to remain with the bank
713924283,1,0.985204,High Risk,Immediate retention campaign required,Customer is likely to churn based on behavioral patterns
713236458,0,1e-06,Low Risk,Regular customer relationship maintenance,Customer is likely to remain with the bank
816315558,0,0.000194,Low Risk,Regular customer relationship maintenance,Customer is likely to remain with the bank
770135358,0,0.0,Low Risk,Regular customer relationship maintenance,Customer is likely to remain with the bank
714284358,0,0.0,Low Risk,Regular customer relationship maintenance,Customer is likely to remain with the bank
712965183,0,2e-06,Low Risk,Regular customer relationship maintenance,Customer is likely to remain with the bank
713668158,1,0.999719,High Risk,Immediate retention campaign required,Customer is likely to churn based on behavioral patterns
784819758,0,0.0,Low Risk,Regular customer relationship maintenance,Customer is likely to remain with the bank
712025958,0,3e-06,Low Risk,Regular customer relationship maintenance,Customer is likely to remain with the bank
713653983,0,0.0,Low Risk,Regular customer relationship maintenance,Customer is likely to remain with the bank
712619808,0,0.0,Low Risk,Regular customer relationship maintenance,Customer is likely to remain with the bank
710086308,0,0.0,Low Risk,Regular customer relationship maintenance,Customer is likely to remain with the bank
711781233,0,2e-06,Low Risk,Regular customer relationship maintenance,Customer is likely to remain with the bank
708254733,0,0.006888,Low Risk,Regular customer relationship maintenance,Customer is likely to remain with the bank
788930358,0,9e-06,Low Risk,Regular customer relationship maintenance,Customer is likely to remain with the bank
714361083,1,0.999675,High Risk,Immediate retention campaign required,Customer is likely to churn based on behavioral patterns
713253858,1,0.999993,High Risk,Immediate retention campaign required,Customer is likely to churn based on behavioral patterns
771020133,0,0.000507,Low Risk,Regular customer relationship maintenance,Customer is likely to remain with the bank
719593608,1,0.999983,High Risk,Immediate retention campaign required,Customer is likely to churn based on behavioral patterns
714407058,0,0.0,Low Risk,Regular customer relationship maintenance,Customer is likely to remain with the bank
721282908,0,0.000139,Low Risk,Regular customer relationship maintenance,Customer is likely to remain with the bank
771507258,0,0.0,Low Risk,Regular customer relationship maintenance,Customer is likely to remain with the bank
716285358,0,0.0,Low Risk,Regular customer relationship maintenance,Customer is likely to remain with the bank
711985833,0,0.315512,Low Risk,Regular customer relationship maintenance,Customer is likely to remain with the bank
717182883,0,3.6e-05,Low Risk,Regular customer relationship maintenance,Customer is likely to remain with the bank
714618333,0,3.5e-05,Low Risk,Regular customer relationship maintenance,Customer is likely to remain with the bank
709443633,0,1e-06,Low Risk,Regular customer relationship maintenance,Customer is likely to remain with the bank
778180158,0,2e-06,Low Risk,Regular customer relationship maintenance,Customer is likely to remain with the bank
713755458,1,1.0,High Risk,Immediate retention campaign required,Customer is likely to churn based on behavioral patterns
767269908,0,0.0,Low Risk,Regular customer relationship maintenance,Customer is likely to remain with the bank
778231983,0,0.0,Low Risk,Regular customer relationship maintenance,Customer is likely to remain with the bank
769911858,0,1e-06,Low Risk,Regular customer relationship maintenance,Customer is likely to remain with the bank
711866358,0,1e-06,Low Risk,Regular customer relationship maintenance,Customer is likely to remain with the bank
774437583,0,1e-06,Low Risk,Regular customer relationship maintenance,Customer is likely to remain with the bank
711232608,1,1.0,High Risk,Immediate retention campaign required,Customer is likely to churn based on behavioral patterns
721315233,0,8e-06,Low Risk,Regular customer relationship maintenance,Customer is likely to remain with the bank
713401758,0,0.0,Low Risk,Regular customer relationship maintenance,Customer is likely to remain with the bank
769438608,1,1.0,High Risk,Immediate retention campaign required,Customer is likely to churn based on behavioral patterns
713172408,0,4e-06,Low Risk,Regular customer relationship maintenance,Customer is likely to remain with the bank
778425408,0,1e-06,Low Risk,Regular customer relationship maintenance,Customer is likely to remain with the bank
718611333,0,0.0,Low Risk,Regular customer relationship maintenance,Customer is likely to remain with the bank
771400608,0,7.2e-05,Low Risk,Regular customer relationship maintenance,Customer is likely to remain with the bank
719990358,0,2.6e-05,Low Risk,Regular customer relationship maintenance,Customer is likely to remain with the bank
714250908,1,0.999998,High Risk,Immediate retention campaign required,Customer is likely to churn based on behavioral patterns
715992558,0,0.0,Low Risk,Regular customer relationship maintenance,Customer is likely to remain with the bank
713181558,0,2e-06,Low Risk,Regular customer relationship maintenance,Customer is likely to remain with the bank
793597833,0,0.0,Low Risk,Regular customer relationship maintenance,Customer is likely to remain with the bank
816013383,1,0.999999,High Risk,Immediate retention campaign required,Customer is likely to churn based on behavioral patterns
715518783,0,0.0,Low Risk,Regular customer relationship maintenance,Customer is likely to remain with the bank
779353083,0,7.3e-05,Low Risk,Regular customer relationship maintenance,Customer is likely to remain with the bank
719881533,1,0.999946,High Risk,Immediate retention campaign required,Customer is likely to churn based on behavioral patterns
792864858,0,0.000667,Low Risk,Regular customer relationship maintenance,Customer is likely to remain with the bank
808681158,0,0.00029,Low Risk,Regular customer relationship maintenance,Customer is likely to remain with the bank
717390408,1,1.0,High Risk,Immediate retention campaign required,Customer is likely to churn based on behavioral patterns
720551733,1,1.0,High Risk,Immediate retention campaign required,Customer is likely to churn based on behavioral patterns
772273983,1,1.0,High Risk,Immediate retention campaign required,Customer is likely to churn based on behavioral patterns
720648483,0,0.001643,Low Risk,Regular customer relationship maintenance,Customer is likely to remain with the bank
721486908,0,8e-06,Low Risk,Regular customer relationship maintenance,Customer is likely to remain with the bank
716657058,0,6e-06,Low Risk,Regular customer relationship maintenance,Customer is likely to remain with the bank
713630733,0,0.000256,Low Risk,Regular customer relationship maintenance,Customer is likely to remain with the bank
718586133,0,3.6e-05,Low Risk,Regular customer relationship maintenance,Customer is likely to remain with the bank
717482658,0,0.00038,Low Risk,Regular customer relationship maintenance,Customer is likely to remain with the bank
718503108,0,9.1e-05,Low Risk,Regular customer relationship maintenance,Customer is likely to remain with the bank
714148758,1,0.369807,Low Risk,Regular customer relationship maintenance,Customer is likely to churn based on behavioral patterns
708902883,0,1e-06,Low Risk,Regular customer relationship maintenance,Customer is likely to remain with the bank
771499233,0,2.4e-05,Low Risk,Regular customer relationship maintenance,Customer is likely to remain with the bank
714113658,0,1e-06,Low Risk,Regular customer relationship maintenance,Customer is likely to remain with the bank
713231658,0,0.0,Low Risk,Regular customer relationship maintenance,Customer is likely to remain with the bank
708319908,1,1.0,High Risk,Immediate retention campaign required,Customer is likely to churn based on behavioral patterns
715629783,0,1.2e-05,Low Risk,Regular customer relationship maintenance,Customer is likely to remain with the bank
820587258,0,3.4e-05,Low Risk,Regular customer relationship maintenance,Customer is likely to remain with the bank
771852483,0,5.2e-05,Low Risk,Regular customer relationship maintenance,Customer is likely to remain with the bank
712578933,1,0.999441,High Risk,Immediate retention campaign required,Customer is likely to churn based on behavioral patterns
711263058,0,3e-06,Low Risk,Regular customer relationship maintenance,Customer is likely to remain with the bank
779405133,0,1e-06,Low Risk,Regular customer relationship maintenance,Customer is likely to remain with the bank
716094333,0,0.0,Low Risk,Regular customer relationship maintenance,Customer is likely to remain with the bank
778837083,1,0.981783,High Risk,Immediate retention campaign required,Customer is likely to churn based on behavioral patterns
712434708,1,0.999986,High Risk,Immediate retention campaign required,Customer is likely to churn based on behavioral patterns
771431133,0,0.000229,Low Risk,Regular customer relationship maintenance,Customer is likely to remain with the bank
709716258,0,1e-05,Low Risk,Regular customer relationship maintenance,Customer is likely to remain with the bank
710464683,0,0.0,Low Risk,Regular customer relationship maintenance,Customer is likely to remain with the bank
787543008,0,8e-06,Low Risk,Regular customer relationship maintenance,Customer is likely to remain with the bank
709363383,0,1.7e-05,Low Risk,Regular customer relationship maintenance,Customer is likely to remain with the bank
817988433,0,0.0,Low Risk,Regular customer relationship maintenance,Customer is likely to remain with the bank
717189183,0,4e-06,Low Risk,Regular customer relationship maintenance,Customer is likely to remain with the bank
710854008,0,4.2e-05,Low Risk,Regular customer relationship maintenance,Customer is likely to remain with the bank
714531108,0,0.0,Low Risk,Regular customer relationship maintenance,Customer is likely to remain with the bank
778420383,0,3e-06,Low Risk,Regular customer relationship maintenance,Customer is likely to remain with the bank
809068983,0,0.000477,Low Risk,Regular customer relationship maintenance,Customer is likely to remain with the bank
713131158,1,0.999434,High Risk,Immediate retention campaign required,Customer is likely to churn based on behavioral patterns
709649958,1,1.0,High Risk,Immediate retention campaign required,Customer is likely to churn based on behavioral patterns
754886958,0,4e-06,Low Risk,Regular customer relationship maintenance,Customer is likely to remain with the bank
713476758,0,1.7e-05,Low Risk,Regular customer relationship maintenance,Customer is likely to remain with the bank
709473708,0,0.0,Low Risk,Regular customer relationship maintenance,Customer is likely to remain with the bank
708190158,1,0.999968,High Risk,Immediate retention campaign required,Customer is likely to churn based on behavioral patterns
719813058,0,2.3e-05,Low Risk,Regular customer relationship maintenance,Customer is likely to remain with the bank
708158133,1,0.999982,High Risk,Immediate retention campaign required,Customer is likely to churn based on behavioral patterns
815826708,0,7e-06,Low Risk,Regular customer relationship maintenance,Customer is likely to remain with the bank
712682583,0,4.3e-05,Low Risk,Regular customer relationship maintenance,Customer is likely to remain with the bank
714917583,0,0.0,Low Risk,Regular customer relationship maintenance,Customer is likely to remain with the bank
711577458,0,1e-06,Low Risk,Regular customer relationship maintenance,Customer is likely to remain with the bank
717623583,0,0.000164,Low Risk,Regular customer relationship maintenance,Customer is likely to remain with the bank
708899283,0,0.010699,Low Risk,Regular customer relationship maintenance,Customer is likely to remain with the bank
720249183,0,6.2e-05,Low Risk,Regular customer relationship maintenance,Customer is likely to remain with the bank
718653333,1,1.0,High Risk,Immediate retention campaign required,Customer is likely to churn based on behavioral patterns
721424583,0,0.0,Low Risk,Regular customer relationship maintenance,Customer is likely to remain with the bank
708451233,0,0.000522,Low Risk,Regular customer relationship maintenance,Customer is likely to remain with the bank
788122533,0,0.003311,Low Risk,Regular customer relationship maintenance,Customer is likely to remain with the bank
708298233,1,0.999273,High Risk,Immediate retention campaign required,Customer is likely to churn based on behavioral patterns
711935283,1,0.999997,High Risk,Immediate retention campaign required,Customer is likely to churn based on behavioral patterns
769892058,0,5.2e-05,Low Risk,Regular customer relationship maintenance,Customer is likely to remain with the bank
717954333,0,0.0,Low Risk,Regular customer relationship maintenance,Customer is likely to remain with the bank
820108008,0,0.0,Low Risk,Regular customer relationship maintenance,Customer is likely to remain with the bank
712840608,0,3e-05,Low Risk,Regular customer relationship maintenance,Customer is likely to remain with the bank
817240833,0,6.6e-05,Low Risk,Regular customer relationship maintenance,Customer is likely to remain with the bank
771051783,0,0.002403,Low Risk,Regular customer relationship maintenance,Customer is likely to remain with the bank
779895108,0,2e-06,Low Risk,Regular customer relationship maintenance,Customer is likely to remain with the bank
714811533,0,3e-06,Low Risk,Regular customer relationship maintenance,Customer is likely to remain with the bank
714945708,1,0.999885,High Risk,Immediate retention campaign required,Customer is likely to churn based on behavioral patterns
712925808,1,0.999997,High Risk,Immediate retention campaign required,Customer is likely to churn based on behavioral patterns
712302783,0,2.1e-05,Low Risk,Regular customer relationship maintenance,Customer is likely to remain with the bank
710725383,0,5e-06,Low Risk,Regular customer relationship maintenance,Customer is likely to remain with the bank
708710283,0,0.0,Low Risk,Regular customer relationship maintenance,Customer is likely to remain with the bank
708382083,0,5e-05,Low Risk,Regular customer relationship maintenance,Customer is likely to remain with the bank
767404083,1,1.0,High Risk,Immediate retention campaign required,Customer is likely to churn based on behavioral patterns
773297508,0,1e-06,Low Risk,Regular customer relationship maintenance,Customer is likely to remain with the bank
717478983,0,1.9e-05,Low Risk,Regular customer relationship maintenance,Customer is likely to remain with the bank
709679658,0,0.0,Low Risk,Regular customer relationship maintenance,Customer is likely to remain with the bank
721427358,1,0.999995,High Risk,Immediate retention campaign required,Customer is likely to churn based on behavioral patterns
718178583,0,1.1e-05,Low Risk,Regular customer relationship maintenance,Customer is likely to remain with the bank
718489608,0,0.000274,Low Risk,Regular customer relationship maintenance,Customer is likely to remain with the bank
721349883,0,0.000417,Low Risk,Regular customer relationship maintenance,Customer is likely to remain with the bank
787505133,1,0.999997,High Risk,Immediate retention campaign required,Customer is likely to churn based on behavioral patterns
711521958,0,2e-06,Low Risk,Regular customer relationship maintenance,Customer is likely to remain with the bank
708271833,0,0.001361,Low Risk,Regular customer relationship maintenance,Customer is likely to remain with the bank
711242058,1,0.999976,High Risk,Immediate retention campaign required,Customer is likely to churn based on behavioral patterns
718524783,1,1.0,High Risk,Immediate retention campaign required,Customer is likely to churn based on behavioral patterns
715050408,0,7.8e-05,Low Risk,Regular customer relationship maintenance,Customer is likely to remain with the bank
757527033,0,9.3e-05,Low Risk,Regular customer relationship maintenance,Customer is likely to remain with the bank
717580458,1,0.999225,High Risk,Immediate retention campaign required,Customer is likely to churn based on behavioral patterns
714938733,1,1.0,High Risk,Immediate retention campaign required,Customer is likely to churn based on behavioral patterns
719170683,0,4e-06,Low Risk,Regular customer relationship maintenance,Customer is likely to remain with the bank
715347783,0,3.9e-05,Low Risk,Regular customer relationship maintenance,Customer is likely to remain with the bank
790108908,0,0.0,Low Risk,Regular customer relationship maintenance,Customer is likely to remain with the bank
789218433,0,1.4e-05,Low Risk,Regular customer relationship maintenance,Customer is likely to remain with the bank
789469083,0,4e-06,Low Risk,Regular customer relationship maintenance,Customer is likely to remain with the bank
715797783,0,0.000106,Low Risk,Regular customer relationship maintenance,Customer is likely to remain with the bank
713761608,0,2.2e-05,Low Risk,Regular customer relationship maintenance,Customer is likely to remain with the bank
771669183,0,0.0,Low Risk,Regular customer relationship maintenance,Customer is likely to remain with the bank
779521533,0,1e-06,Low Risk,Regular customer relationship maintenance,Customer is likely to remain with the bank
715554708,0,0.0,Low Risk,Regular customer relationship maintenance,Customer is likely to remain with the bank
767687208,0,0.0,Low Risk,Regular customer relationship maintenance,Customer is likely to remain with the bank
708655983,0,0.000298,Low Risk,Regular customer relationship maintenance,Customer is likely to remain with the bank
720729108,0,1e-06,Low Risk,Regular customer relationship maintenance,Customer is likely to remain with the bank
708722583,0,0.0,Low Risk,Regular customer relationship maintenance,Customer is likely to remain with the bank
715371108,1,0.999997,High Risk,Immediate retention campaign required,Customer is likely to churn based on behavioral patterns
797238108,0,0.00012,Low Risk,Regular customer relationship maintenance,Customer is likely to remain with the bank
718640508,0,0.001391,Low Risk,Regular customer relationship maintenance,Customer is likely to remain with the bank
709487058,0,3.6e-05,Low Risk,Regular customer relationship maintenance,Customer is likely to remain with the bank
712948383,0,2e-06,Low Risk,Regular customer relationship maintenance,Customer is likely to remain with the bank
708469533,0,8e-06,Low Risk,Regular customer relationship maintenance,Customer is likely to remain with the bank
709104333,0,0.025907,Low Risk,Regular customer relationship maintenance,Customer is likely to remain with the bank
755420433,0,0.0,Low Risk,Regular customer relationship maintenance,Customer is likely to remain with the bank
718996758,0,9.1e-05,Low Risk,Regular customer relationship maintenance,Customer is likely to remain with the bank
719445633,0,0.0,Low Risk,Regular customer relationship maintenance,Customer is likely to remain with the bank
709231683,0,9.6e-05,Low Risk,Regular customer relationship maintenance,Customer is likely to remain with the bank
708846183,0,1e-06,Low Risk,Regular customer relationship maintenance,Customer is likely to remain with the bank
826723308,0,0.0,Low Risk,Regular customer relationship maintenance,Customer is likely to remain with the bank
710825658,0,3e-06,Low Risk,Regular customer relationship maintenance,Customer is likely to remain with the bank
796931508,1,0.999999,High Risk,Immediate retention campaign required,Customer is likely to churn based on behavioral patterns
808753758,0,0.0,Low Risk,Regular customer relationship maintenance,Customer is likely to remain with the bank
789494133,0,9.5e-05,Low Risk,Regular customer relationship maintenance,Customer is likely to remain with the bank
816312633,0,0.000123,Low Risk,Regular customer relationship maintenance,Customer is likely to remain with the bank
720029508,0,3e-06,Low Risk,Regular customer relationship maintenance,Customer is likely to remain with the bank
714971583,0,1e-06,Low Risk,Regular customer relationship maintenance,Customer is likely to remain with the bank
789325008,0,2e-06,Low Risk,Regular customer relationship maintenance,Customer is likely to remain with the bank
713287608,0,8.2e-05,Low Risk,Regular customer relationship maintenance,Customer is likely to remain with the bank
754872333,0,1.8e-05,Low Risk,Regular customer relationship maintenance,Customer is likely to remain with the bank
713573508,1,1.0,High Risk,Immediate retention campaign required,Customer is likely to churn based on behavioral patterns
718875483,0,0.0,Low Risk,Regular customer relationship maintenance,Customer is likely to remain with the bank
780237033,0,3e-06,Low Risk,Regular customer relationship maintenance,Customer is likely to remain with the bank
710363433,0,0.00048,Low Risk,Regular customer relationship maintenance,Customer is likely to remain with the bank
795232683,0,0.0,Low Risk,Regular customer relationship maintenance,Customer is likely to remain with the bank
719577258,1,1.0,High Risk,Immediate retention campaign required,Customer is likely to churn based on behavioral patterns
717400533,0,0.001052,Low Risk,Regular customer relationship maintenance,Customer is likely to remain with the bank
713047608,1,0.999854,High Risk,Immediate retention campaign required,Customer is likely to churn based on behavioral patterns
716645883,0,0.0,Low Risk,Regular customer relationship maintenance,Customer is likely to remain with the bank
709707033,1,0.999622,High Risk,Immediate retention campaign required,Customer is likely to churn based on behavioral patterns
711112683,0,0.000186,Low Risk,Regular customer relationship maintenance,Customer is likely to remain with the bank
799723908,0,0.0,Low Risk,Regular customer relationship maintenance,Customer is likely to remain with the bank
712290258,0,0.0,Low Risk,Regular customer relationship maintenance,Customer is likely to remain with the bank
710462433,0,0.0,Low Risk,Regular customer relationship maintenance,Customer is likely to remain with the bank
812446158,0,1.7e-05,Low Risk,Regular customer relationship maintenance,Customer is likely to remain with the bank
788741733,0,0.0,Low Risk,Regular customer relationship maintenance,Customer is likely to remain with the bank
780201633,1,0.999978,High Risk,Immediate retention campaign required,Customer is likely to churn based on behavioral patterns
713656308,0,0.013889,Low Risk,Regular customer relationship maintenance,Customer is likely to remain with the bank
710749458,0,3e-05,Low Risk,Regular customer relationship maintenance,Customer is likely to remain with the bank
817142433,0,0.000736,Low Risk,Regular customer relationship maintenance,Customer is likely to remain with the bank
789491058,0,0.000955,Low Risk,Regular customer relationship maintenance,Customer is likely to remain with the bank
812488608,0,7e-05,Low Risk,Regular customer relationship maintenance,Customer is likely to remain with the bank
710563458,0,4e-06,Low Risk,Regular customer relationship maintenance,Customer is likely to remain with the bank
716013858,0,0.000537,Low Risk,Regular customer relationship maintenance,Customer is likely to remain with the bank
717890583,0,5e-05,Low Risk,Regular customer relationship maintenance,Customer is likely to remain with the bank
789540108,0,0.0,Low Risk,Regular customer relationship maintenance,Customer is likely to remain with the bank
708753633,0,2e-06,Low Risk,Regular customer relationship maintenance,Customer is likely to remain with the bank
772776033,0,0.000342,Low Risk,Regular customer relationship maintenance,Customer is likely to remain with the bank
751283658,0,7.2e-05,Low Risk,Regular customer relationship maintenance,Customer is likely to remain with the bank
711237633,1,1.0,High Risk,Immediate retention campaign required,Customer is likely to churn based on behavioral patterns
817197333,0,0.032382,Low Risk,Regular customer relationship maintenance,Customer is likely to remain with the bank
718737708,0,0.000165,Low Risk,Regular customer relationship maintenance,Customer is likely to remain with the bank
710507733,0,0.0,Low Risk,Regular customer relationship maintenance,Customer is likely to remain with the bank
712979133,1,0.999909,High Risk,Immediate retention campaign required,Customer is likely to churn based on behavioral patterns
717975333,0,3e-06,Low Risk,Regular customer relationship maintenance,Customer is likely to remain with the bank
787563858,0,2e-06,Low Risk,Regular customer relationship maintenance,Customer is likely to remain with the bank
779442783,0,0.0,Low Risk,Regular customer relationship maintenance,Customer is likely to remain with the bank
720608658,0,0.0,Low Risk,Regular customer relationship maintenance,Customer is likely to remain with the bank
714524583,1,1.0,High Risk,Immediate retention campaign required,Customer is likely to churn based on behavioral patterns
713580633,0,0.001515,Low Risk,Regular customer relationship maintenance,Customer is likely to remain with the bank
712214283,0,0.0,Low Risk,Regular customer relationship maintenance,Customer is likely to remain with the bank
720190083,1,1.0,High Risk,Immediate retention campaign required,Customer is likely to churn based on behavioral patterns
718394658,0,1.6e-05,Low Risk,Regular customer relationship maintenance,Customer is likely to remain with the bank
708615183,0,1e-05,Low Risk,Regular customer relationship maintenance,Customer is likely to remain with the bank
827476983,1,0.979306,High Risk,Immediate retention campaign required,Customer is likely to churn based on behavioral patterns
803335008,0,0.0,Low Risk,Regular customer relationship maintenance,Customer is likely to remain with the bank
711658758,0,0.0,Low Risk,Regular customer relationship maintenance,Customer is likely to remain with the bank
721232058,0,0.093093,Low Risk,Regular customer relationship maintenance,Customer is likely to remain with the bank
809599158,1,1.0,High Risk,Immediate retention campaign required,Customer is likely to churn based on behavioral patterns
717127083,0,2e-06,Low Risk,Regular customer relationship maintenance,Customer is likely to remain with the bank
709243533,0,0.0,Low Risk,Regular customer relationship maintenance,Customer is likely to remain with the bank
711267633,1,0.999993,High Risk,Immediate retention campaign required,Customer is likely to churn based on behavioral patterns
809849358,1,0.999988,High Risk,Immediate retention campaign required,Customer is likely to churn based on behavioral patterns
720708183,0,0.0,Low Risk,Regular customer relationship maintenance,Customer is likely to remain with the bank
805259733,0,0.000205,Low Risk,Regular customer relationship maintenance,Customer is likely to remain with the bank
712660308,1,0.999996,High Risk,Immediate retention campaign required,Customer is likely to churn based on behavioral patterns
714296358,0,0.001652,Low Risk,Regular customer relationship maintenance,Customer is likely to remain with the bank
823578483,0,2e-06,Low Risk,Regular customer relationship maintenance,Customer is likely to remain with the bank
709749483,0,3.2e-05,Low Risk,Regular customer relationship maintenance,Customer is likely to remain with the bank
715215108,0,0.0,Low Risk,Regular customer relationship maintenance,Customer is likely to remain with the bank
718415133,0,0.001104,Low Risk,Regular customer relationship maintenance,Customer is likely to remain with the bank
710500983,1,0.999992,High Risk,Immediate retention campaign required,Customer is likely to churn based on behavioral patterns
714970458,0,0.000881,Low Risk,Regular customer relationship maintenance,Customer is likely to remain with the bank
708931908,0,1e-06,Low Risk,Regular customer relationship maintenance,Customer is likely to remain with the bank
749571633,0,7e-06,Low Risk,Regular customer relationship maintenance,Customer is likely to remain with the bank
801508383,0,3e-06,Low Risk,Regular customer relationship maintenance,Customer is likely to remain with the bank
717185658,1,1.0,High Risk,Immediate retention campaign required,Customer is likely to churn based on behavioral patterns
812618883,0,3.4e-05,Low Risk,Regular customer relationship maintenance,Customer is likely to remain with the bank
819002508,0,4.4e-05,Low Risk,Regular customer relationship maintenance,Customer is likely to remain with the bank
710218233,0,3.8e-05,Low Risk,Regular customer relationship maintenance,Customer is likely to remain with the bank
719344608,0,4.2e-05,Low Risk,Regular customer relationship maintenance,Customer is likely to remain with the bank
718464258,0,2e-06,Low Risk,Regular customer relationship maintenance,Customer is likely to remain with the bank
710512833,0,7.2e-05,Low Risk,Regular customer relationship maintenance,Customer is likely to remain with the bank
718032483,0,0.0,Low Risk,Regular customer relationship maintenance,Customer is likely to remain with the bank
710159658,0,6.9e-05,Low Risk,Regular customer relationship maintenance,Customer is likely to remain with the bank
715765758,0,0.000388,Low Risk,Regular customer relationship maintenance,Customer is likely to remain with the bank
811700058,1,0.999975,High Risk,Immediate retention campaign required,Customer is likely to churn based on behavioral patterns
806824908,0,0.0,Low Risk,Regular customer relationship maintenance,Customer is likely to remain with the bank
712428333,0,0.0,Low Risk,Regular customer relationship maintenance,Customer is likely to remain with the bank
710971908,0,0.0,Low Risk,Regular customer relationship maintenance,Customer is likely to remain with the bank
718011783,0,0.0,Low Risk,Regular customer relationship maintenance,Customer is likely to remain with the bank
721399833,0,4e-06,Low Risk,Regular customer relationship maintenance,Customer is likely to remain with the bank
710975883,0,0.000105,Low Risk,Regular customer relationship maintenance,Customer is likely to remain with the bank
712420833,0,4.2e-05,Low Risk,Regular customer relationship maintenance,Customer is likely to remain with the bank
803115258,1,1.0,High Risk,Immediate retention campaign required,Customer is likely to churn based on behavioral patterns
721005108,0,1e-06,Low Risk,Regular customer relationship maintenance,Customer is likely to remain with the bank
788610258,0,9e-06,Low Risk,Regular customer relationship maintenance,Customer is likely to remain with the bank
716159958,0,1e-06,Low Risk,Regular customer relationship maintenance,Customer is likely to remain with the bank
789231858,0,0.000228,Low Risk,Regular customer relationship maintenance,Customer is likely to remain with the bank
719123958,1,1.0,High Risk,Immediate retention campaign required,Customer is likely to churn based on behavioral patterns
719337408,0,0.064976,Low Risk,Regular customer relationship maintenance,Customer is likely to remain with the bank
779486433,0,1e-06,Low Risk,Regular customer relationship maintenance,Customer is likely to remain with the bank
817337958,0,0.003705,Low Risk,Regular customer relationship maintenance,Customer is likely to remain with the bank
712774908,0,0.000127,Low Risk,Regular customer relationship maintenance,Customer is likely to remain with the bank
813234108,0,0.002009,Low Risk,Regular customer relationship maintenance,Customer is likely to remain with the bank
792524358,0,1e-06,Low Risk,Regular customer relationship maintenance,Customer is likely to remain with the bank
719282433,0,2e-06,Low Risk,Regular customer relationship maintenance,Customer is likely to remain with the bank
720299283,0,0.0,Low Risk,Regular customer relationship maintenance,Customer is likely to remain with the bank
709479558,0,0.000715,Low Risk,Regular customer relationship maintenance,Customer is likely to remain with the bank
716102583,0,2.8e-05,Low Risk,Regular customer relationship maintenance,Customer is likely to remain with the bank
713733633,1,0.999999,High Risk,Immediate retention campaign required,Customer is likely to churn based on behavioral patterns
795155433,0,0.0,Low Risk,Regular customer relationship maintenance,Customer is likely to remain with the bank
711783483,0,8e-06,Low Risk,Regular customer relationship maintenance,Customer is likely to remain with the bank
721532583,1,0.880154,High Risk,Immediate retention campaign required,Customer is likely to churn based on behavioral patterns
714753258,0,0.0,Low Risk,Regular customer relationship maintenance,Customer is likely to remain with the bank
721055058,0,7e-06,Low Risk,Regular customer relationship maintenance,Customer is likely to remain with the bank
720510333,0,0.0,Low Risk,Regular customer relationship maintenance,Customer is likely to remain with the bank
718146258,0,1.2e-05,Low Risk,Regular customer relationship maintenance,Customer is likely to remain with the bank
715664808,1,0.999999,High Risk,Immediate retention campaign required,Customer is likely to churn based on behavioral patterns
719964933,0,0.0,Low Risk,Regular customer relationship maintenance,Customer is likely to remain with the bank
709173108,1,1.0,High Risk,Immediate retention campaign required,Customer is likely to churn based on behavioral patterns
719722308,0,0.000128,Low Risk,Regular customer relationship maintenance,Customer is likely to remain with the bank
719666283,0,5e-06,Low Risk,Regular customer relationship maintenance,Customer is likely to remain with the bank
780006783,1,1.0,High Risk,Immediate retention campaign required,Customer is likely to churn based on behavioral patterns
715601808,0,0.0,Low Risk,Regular customer relationship maintenance,Customer is likely to remain with the bank
769720683,0,0.0,Low Risk,Regular customer relationship maintenance,Customer is likely to remain with the bank
765692658,0,3.7e-05,Low Risk,Regular customer relationship maintenance,Customer is likely to remain with the bank
717819633,0,0.0,Low Risk,Regular customer relationship maintenance,Customer is likely to remain with the bank
718699683,0,0.0,Low Risk,Regular customer relationship maintenance,Customer is likely to remain with the bank
797169633,0,3.4e-05,Low Risk,Regular customer relationship maintenance,Customer is likely to remain with the bank
710636208,0,2.4e-05,Low Risk,Regular customer relationship maintenance,Customer is likely to remain with the bank
709309308,1,0.999999,High Risk,Immediate retention campaign required,Customer is likely to churn based on behavioral patterns
819690933,0,9.1e-05,Low Risk,Regular customer relationship maintenance,Customer is likely to remain with the bank
711615933,0,7e-06,Low Risk,Regular customer relationship maintenance,Customer is likely to remain with the bank
714933783,0,0.0,Low Risk,Regular customer relationship maintenance,Customer is likely to remain with the bank
778643733,1,0.999886,High Risk,Immediate retention campaign required,Customer is likely to churn based on behavioral patterns
712867983,0,0.009134,Low Risk,Regular customer relationship maintenance,Customer is likely to remain with the bank
718939083,1,1.0,High Risk,Immediate retention campaign required,Customer is likely to churn based on behavioral patterns
713512308,1,0.966343,High Risk,Immediate retention campaign required,Customer is likely to churn based on behavioral patterns
790123983,0,2e-06,Low Risk,Regular customer relationship maintenance,Customer is likely to remain with the bank
711153783,0,0.0,Low Risk,Regular customer relationship maintenance,Customer is likely to remain with the bank
744483633,0,7e-06,Low Risk,Regular customer relationship maintenance,Customer is likely to remain with the bank
719971458,0,0.0,Low Risk,Regular customer relationship maintenance,Customer is likely to remain with the bank
716506083,1,1.0,High Risk,Immediate retention campaign required,Customer is likely to churn based on behavioral patterns
716329383,1,0.99992,High Risk,Immediate retention campaign required,Customer is likely to churn based on behavioral patterns
719719158,0,6.3e-05,Low Risk,Regular customer relationship maintenance,Customer is likely to remain with the bank
716107158,1,0.999702,High Risk,Immediate retention campaign required,Customer is likely to churn based on behavioral patterns
714477408,1,0.998585,High Risk,Immediate retention campaign required,Customer is likely to churn based on behavioral patterns
773146383,0,0.000513,Low Risk,Regular customer relationship maintenance,Customer is likely to remain with the bank
708635058,0,0.0,Low Risk,Regular customer relationship maintenance,Customer is likely to remain with the bank
803421108,0,3e-05,Low Risk,Regular customer relationship maintenance,Customer is likely to remain with the bank
716210283,0,0.0,Low Risk,Regular customer relationship maintenance,Customer is likely to remain with the bank
711315783,0,0.000636,Low Risk,Regular customer relationship maintenance,Customer is likely to remain with the bank
712489158,0,0.001045,Low Risk,Regular customer relationship maintenance,Customer is likely to remain with the bank
718576908,0,8.5e-05,Low Risk,Regular customer relationship maintenance,Customer is likely to remain with the bank
753208833,0,0.001094,Low Risk,Regular customer relationship maintenance,Customer is likely to remain with the bank
798546408,0,1.1e-05,Low Risk,Regular customer relationship maintenance,Customer is likely to remain with the bank
827114058,0,2.8e-05,Low Risk,Regular customer relationship maintenance,Customer is likely to remain with the bank
771453033,0,0.000423,Low Risk,Regular customer relationship maintenance,Customer is likely to remain with the bank
718452633,1,1.0,High Risk,Immediate retention campaign required,Customer is likely to churn based on behavioral patterns
718026858,0,3.1e-05,Low Risk,Regular customer relationship maintenance,Customer is likely to remain with the bank
721181883,0,0.000116,Low Risk,Regular customer relationship maintenance,Customer is likely to remain with the bank
717609633,0,2.1e-05,Low Risk,Regular customer relationship maintenance,Customer is likely to remain with the bank
710927733,0,0.000124,Low Risk,Regular customer relationship maintenance,Customer is likely to remain with the bank
711551958,1,1.0,High Risk,Immediate retention campaign required,Customer is likely to churn based on behavioral patterns
716365233,0,9.1e-05,Low Risk,Regular customer relationship maintenance,Customer is likely to remain with the bank
783121008,0,0.0,Low Risk,Regular customer relationship maintenance,Customer is likely to remain with the bank
716780283,0,0.000593,Low Risk,Regular customer relationship maintenance,Customer is likely to remain with the bank
718471758,0,5e-06,Low Risk,Regular customer relationship maintenance,Customer is likely to remain with the bank
756571983,0,0.001708,Low Risk,Regular customer relationship maintenance,Customer is likely to remain with the bank
714700158,0,1.1e-05,Low Risk,Regular customer relationship maintenance,Customer is likely to remain with the bank
794191008,0,0.0,Low Risk,Regular customer relationship maintenance,Customer is likely to remain with the bank
711000933,0,0.0,Low Risk,Regular customer relationship maintenance,Customer is likely to remain with the bank
789025083,0,0.0,Low Risk,Regular customer relationship maintenance,Customer is likely to remain with the bank
717074283,1,0.999997,High Risk,Immediate retention campaign required,Customer is likely to churn based on behavioral patterns
714243408,0,0.000242,Low Risk,Regular customer relationship maintenance,Customer is likely to remain with the bank
716462658,0,6.8e-05,Low Risk,Regular customer relationship maintenance,Customer is likely to remain with the bank
719944458,0,0.0,Low Risk,Regular customer relationship maintenance,Customer is likely to remain with the bank
718866633,0,0.0,Low Risk,Regular customer relationship maintenance,Customer is likely to remain with the bank
714247458,0,3e-06,Low Risk,Regular customer relationship maintenance,Customer is likely to remain with the bank
783910008,0,0.0,Low Risk,Regular customer relationship maintenance,Customer is likely to remain with the bank
714294183,1,1.0,High Risk,Immediate retention campaign required,Customer is likely to churn based on behavioral patterns
789530208,0,0.000328,Low Risk,Regular customer relationship maintenance,Customer is likely to remain with the bank
714389058,0,4e-06,Low Risk,Regular customer relationship maintenance,Customer is likely to remain with the bank
772661808,0,0.0,Low Risk,Regular customer relationship maintenance,Customer is likely to remain with the bank
710135058,0,2.5e-05,Low Risk,Regular customer relationship maintenance,Customer is likely to remain with the bank
716805408,0,0.0,Low Risk,Regular customer relationship maintenance,Customer is likely to remain with the bank
789304983,0,8e-05,Low Risk,Regular customer relationship maintenance,Customer is likely to remain with the bank
743912958,0,7e-06,Low Risk,Regular customer relationship maintenance,Customer is likely to remain with the bank
715311183,0,0.0,Low Risk,Regular customer relationship maintenance,Customer is likely to remain with the bank
720264783,0,0.0,Low Risk,Regular customer relationship maintenance,Customer is likely to remain with the bank
788771733,0,0.0,Low Risk,Regular customer relationship maintenance,Customer is likely to remain with the bank
711724083,1,0.999305,High Risk,Immediate retention campaign required,Customer is likely to churn based on behavioral patterns
717628608,0,0.014139,Low Risk,Regular customer relationship maintenance,Customer is likely to remain with the bank
712319058,0,4e-06,Low Risk,Regular customer relationship maintenance,Customer is likely to remain with the bank
772231233,0,0.000329,Low Risk,Regular customer relationship maintenance,Customer is likely to remain with the bank
715315008,0,0.005841,Low Risk,Regular customer relationship maintenance,Customer is likely to remain with the bank
778853358,0,0.000558,Low Risk,Regular customer relationship maintenance,Customer is likely to remain with the bank
714581358,1,1.0,High Risk,Immediate retention campaign required,Customer is likely to churn based on behavioral patterns
710810883,0,1e-06,Low Risk,Regular customer relationship maintenance,Customer is likely to remain with the bank
709879458,0,0.0,Low Risk,Regular customer relationship maintenance,Customer is likely to remain with the bank
811970808,0,1.8e-05,Low Risk,Regular customer relationship maintenance,Customer is likely to remain with the bank
720015183,0,1e-06,Low Risk,Regular customer relationship maintenance,Customer is likely to remain with the bank
708907833,0,0.0,Low Risk,Regular customer relationship maintenance,Customer is likely to remain with the bank
826261008,1,1.0,High Risk,Immediate retention campaign required,Customer is likely to churn based on behavioral patterns
794682483,0,0.000211,Low Risk,Regular customer relationship maintenance,Customer is likely to remain with the bank
708098133,0,1.1e-05,Low Risk,Regular customer relationship maintenance,Customer is likely to remain with the bank
711069483,0,0.002895,Low Risk,Regular customer relationship maintenance,Customer is likely to remain with the bank
709537683,1,0.999679,High Risk,Immediate retention campaign required,Customer is likely to churn based on behavioral patterns
710770383,0,0.000177,Low Risk,Regular customer relationship maintenance,Customer is likely to remain with the bank
809811858,1,0.999999,High Risk,Immediate retention campaign required,Customer is likely to churn based on behavioral patterns
772216833,0,3e-06,Low Risk,Regular customer relationship maintenance,Customer is likely to remain with the bank
717830583,0,0.0,Low Risk,Regular customer relationship maintenance,Customer is likely to remain with the bank
713779908,0,4e-06,Low Risk,Regular customer relationship maintenance,Customer is likely to remain with the bank
712507758,0,0.0,Low Risk,Regular customer relationship maintenance,Customer is likely to remain with the bank
716093133,0,0.000583,Low Risk,Regular customer relationship maintenance,Customer is likely to remain with the bank
817382958,0,0.0,Low Risk,Regular customer relationship maintenance,Customer is likely to remain with the bank
714400308,0,5e-06,Low Risk,Regular customer relationship maintenance,Customer is likely to remain with the bank
789466008,0,1e-06,Low Risk,Regular customer relationship maintenance,Customer is likely to remain with the bank
710289783,1,0.954091,High Risk,Immediate retention campaign required,Customer is likely to churn based on behavioral patterns
712659408,0,0.0,Low Risk,Regular customer relationship maintenance,Customer is likely to remain with the bank
788791383,0,8.3e-05,Low Risk,Regular customer relationship maintenance,Customer is likely to remain with the bank
709822008,0,1e-06,Low Risk,Regular customer relationship maintenance,Customer is likely to remain with the bank
816615633,0,0.111466,Low Risk,Regular customer relationship maintenance,Customer is likely to remain with the bank
718521258,0,0.002024,Low Risk,Regular customer relationship maintenance,Customer is likely to remain with the bank
713533983,0,1.1e-05,Low Risk,Regular customer relationship maintenance,Customer is likely to remain with the bank
709444983,1,0.99998,High Risk,Immediate retention campaign required,Customer is likely to churn based on behavioral patterns
717405408,0,4e-06,Low Risk,Regular customer relationship maintenance,Customer is likely to remain with the bank
753226158,0,3e-06,Low Risk,Regular customer relationship maintenance,Customer is likely to remain with the bank
780384483,1,0.999511,High Risk,Immediate retention campaign required,Customer is likely to churn based on behavioral patterns
720096558,0,4.8e-05,Low Risk,Regular customer relationship maintenance,Customer is likely to remain with the bank
778567983,0,0.000128,Low Risk,Regular customer relationship maintenance,Customer is likely to remain with the bank
711649908,0,1e-06,Low Risk,Regular customer relationship maintenance,Customer is likely to remain with the bank
718038483,0,0.0,Low Risk,Regular customer relationship maintenance,Customer is likely to remain with the bank
719519058,1,0.999904,High Risk,Immediate retention campaign required,Customer is likely to churn based on behavioral patterns
770985633,0,6.1e-05,Low Risk,Regular customer relationship maintenance,Customer is likely to remain with the bank
713600958,0,1e-06,Low Risk,Regular customer relationship maintenance,Customer is likely to remain with the bank
719801508,0,0.0,Low Risk,Regular customer relationship maintenance,Customer is likely to remain with the bank
713686008,0,1e-06,Low Risk,Regular customer relationship maintenance,Customer is likely to remain with the bank
720401658,1,0.999913,High Risk,Immediate retention campaign required,Customer is likely to churn based on behavioral patterns
715572783,0,0.0,Low Risk,Regular customer relationship maintenance,Customer is likely to remain with the bank
817908783,0,0.0,Low Risk,Regular customer relationship maintenance,Customer is likely to remain with the bank
712361583,0,0.00044,Low Risk,Regular customer relationship maintenance,Customer is likely to remain with the bank
709108533,0,1e-06,Low Risk,Regular customer relationship maintenance,Customer is likely to remain with the bank
718490658,0,0.00134,Low Risk,Regular customer relationship maintenance,Customer is likely to remain with the bank
790006383,0,0.013029,Low Risk,Regular customer relationship maintenance,Customer is likely to remain with the bank
710744433,0,0.000358,Low Risk,Regular customer relationship maintenance,Customer is likely to remain with the bank
780865308,0,2.9e-05,Low Risk,Regular customer relationship maintenance,Customer is likely to remain with the bank
716643033,1,1.0,High Risk,Immediate retention campaign required,Customer is likely to churn based on behavioral patterns
789241308,1,0.999987,High Risk,Immediate retention campaign required,Customer is likely to churn based on behavioral patterns
721344858,0,2.8e-05,Low Risk,Regular customer relationship maintenance,Customer is likely to remain with the bank
717050883,0,0.000111,Low Risk,Regular customer relationship maintenance,Customer is likely to remain with the bank
788979258,0,0.000583,Low Risk,Regular customer relationship maintenance,Customer is likely to remain with the bank
719125158,0,0.007676,Low Risk,Regular customer relationship maintenance,Customer is likely to remain with the bank
709545333,0,0.000205,Low Risk,Regular customer relationship maintenance,Customer is likely to remain with the bank
721165608,0,0.0,Low Risk,Regular customer relationship maintenance,Customer is likely to remain with the bank
714652383,0,0.0,Low Risk,Regular customer relationship maintenance,Customer is likely to remain with the bank
737921733,1,0.969269,High Risk,Immediate retention campaign required,Customer is likely to churn based on behavioral patterns
804428958,0,0.0,Low Risk,Regular customer relationship maintenance,Customer is likely to remain with the bank
720075558,0,0.000165,Low Risk,Regular customer relationship maintenance,Customer is likely to remain with the bank
769676358,0,0.0,Low Risk,Regular customer relationship maintenance,Customer is likely to remain with the bank
716378658,0,0.003081,Low Risk,Regular customer relationship maintenance,Customer is likely to remain with the bank
714479358,1,0.998605,High Risk,Immediate retention campaign required,Customer is likely to churn based on behavioral patterns
712141683,0,0.001289,Low Risk,Regular customer relationship maintenance,Customer is likely to remain with the bank
710005683,0,4e-06,Low Risk,Regular customer relationship maintenance,Customer is likely to remain with the bank
721228308,1,1.0,High Risk,Immediate retention campaign required,Customer is likely to churn based on behavioral patterns
758833758,0,0.01107,Low Risk,Regular customer relationship maintenance,Customer is likely to remain with the bank
787565433,0,1.3e-05,Low Risk,Regular customer relationship maintenance,Customer is likely to remain with the bank
780253533,0,0.001,Low Risk,Regular customer relationship maintenance,Customer is likely to remain with the bank
714595983,1,1.0,High Risk,Immediate retention campaign required,Customer is likely to churn based on behavioral patterns
709547658,1,1.0,High Risk,Immediate retention campaign required,Customer is likely to churn based on behavioral patterns
711801933,1,0.999966,High Risk,Immediate retention campaign required,Customer is likely to churn based on behavioral patterns
715808808,0,4.8e-05,Low Risk,Regular customer relationship maintenance,Customer is likely to remain with the bank
711294258,0,7e-06,Low Risk,Regular customer relationship maintenance,Customer is likely to remain with the bank
708542283,0,5.1e-05,Low Risk,Regular customer relationship maintenance,Customer is likely to remain with the bank
787514433,0,7e-06,Low Risk,Regular customer relationship maintenance,Customer is likely to remain with the bank
779773533,0,4.2e-05,Low Risk,Regular customer relationship maintenance,Customer is likely to remain with the bank
807964908,0,0.0,Low Risk,Regular customer relationship maintenance,Customer is likely to remain with the bank
757753083,0,4.8e-05,Low Risk,Regular customer relationship maintenance,Customer is likely to remain with the bank
779331558,0,3.3e-05,Low Risk,Regular customer relationship maintenance,Customer is likely to remain with the bank
799026633,0,0.00013,Low Risk,Regular customer relationship maintenance,Customer is likely to remain with the bank
719898108,0,0.000144,Low Risk,Regular customer relationship maintenance,Customer is likely to remain with the bank
711252258,0,9e-06,Low Risk,Regular customer relationship maintenance,Customer is likely to remain with the bank
719724933,0,0.0,Low Risk,Regular customer relationship maintenance,Customer is likely to remain with the bank
715413483,0,1.2e-05,Low Risk,Regular customer relationship maintenance,Customer is likely to remain with the bank
751518633,1,0.99917,High Risk,Immediate retention campaign required,Customer is likely to churn based on behavioral patterns
742552683,0,1e-06,Low Risk,Regular customer relationship maintenance,Customer is likely to remain with the bank
756598833,0,1.6e-05,Low Risk,Regular customer relationship maintenance,Customer is likely to remain with the bank
794562783,0,9.3e-05,Low Risk,Regular customer relationship maintenance,Customer is likely to remain with the bank
779942808,0,2e-06,Low Risk,Regular customer relationship maintenance,Customer is likely to remain with the bank
789151983,0,1e-06,Low Risk,Regular customer relationship maintenance,Customer is likely to remain with the bank
779598183,0,2.8e-05,Low Risk,Regular customer relationship maintenance,Customer is likely to remain with the bank
720714933,0,0.0,Low Risk,Regular customer relationship maintenance,Customer is likely to remain with the bank
708536283,1,0.999998,High Risk,Immediate retention campaign required,Customer is likely to churn based on behavioral patterns
714548733,0,6e-06,Low Risk,Regular customer relationship maintenance,Customer is likely to remain with the bank
713796033,1,0.999318,High Risk,Immediate retention campaign required,Customer is likely to churn based on behavioral patterns
770817783,0,1.4e-05,Low Risk,Regular customer relationship maintenance,Customer is likely to remain with the bank
716032233,0,2e-06,Low Risk,Regular customer relationship maintenance,Customer is likely to remain with the bank
719806233,0,2.2e-05,Low Risk,Regular customer relationship maintenance,Customer is likely to remain with the bank
712835433,0,5e-06,Low Risk,Regular customer relationship maintenance,Customer is likely to remain with the bank
713975433,0,0.0,Low Risk,Regular customer relationship maintenance,Customer is likely to remain with the bank
715076358,1,1.0,High Risk,Immediate retention campaign required,Customer is likely to churn based on behavioral patterns
720731808,1,0.999764,High Risk,Immediate retention campaign required,Customer is likely to churn based on behavioral patterns
714616308,0,8e-06,Low Risk,Regular customer relationship maintenance,Customer is likely to remain with the bank
717502083,1,0.999963,High Risk,Immediate retention campaign required,Customer is likely to churn based on behavioral patterns
789362058,0,1e-06,Low Risk,Regular customer relationship maintenance,Customer is likely to remain with the bank
794530608,0,2.8e-05,Low Risk,Regular customer relationship maintenance,Customer is likely to remain with the bank
709007883,0,1e-05,Low Risk,Regular customer relationship maintenance,Customer is likely to remain with the bank
709219533,0,4.2e-05,Low Risk,Regular customer relationship maintenance,Customer is likely to remain with the bank
787723758,0,0.0,Low Risk,Regular customer relationship maintenance,Customer is likely to remain with the bank
710968008,0,1e-06,Low Risk,Regular customer relationship maintenance,Customer is likely to remain with the bank
780638958,0,0.0,Low Risk,Regular customer relationship maintenance,Customer is likely to remain with the bank
716951658,0,0.003618,Low Risk,Regular customer relationship maintenance,Customer is likely to remain with the bank
715956258,0,3e-06,Low Risk,Regular customer relationship maintenance,Customer is likely to remain with the bank
785119833,0,0.000356,Low Risk,Regular customer relationship maintenance,Customer is likely to remain with the bank
710723958,0,3e-06,Low Risk,Regular customer relationship maintenance,Customer is likely to remain with the bank
714011358,0,1.8e-05,Low Risk,Regular customer relationship maintenance,Customer is likely to remain with the bank
717724233,0,1e-05,Low Risk,Regular customer relationship maintenance,Customer is likely to remain with the bank
754671558,0,0.00091,Low Risk,Regular customer relationship maintenance,Customer is likely to remain with the bank
794514108,0,3e-06,Low Risk,Regular customer relationship maintenance,Customer is likely to remain with the bank
719385558,0,0.000915,Low Risk,Regular customer relationship maintenance,Customer is likely to remain with the bank
712637283,0,0.000402,Low Risk,Regular customer relationship maintenance,Customer is likely to remain with the bank
714222183,0,1e-06,Low Risk,Regular customer relationship maintenance,Customer is likely to remain with the bank
709175208,0,3e-06,Low Risk,Regular customer relationship maintenance,Customer is likely to remain with the bank
717112533,0,0.001099,Low Risk,Regular customer relationship maintenance,Customer is likely to remain with the bank
714426783,0,8e-06,Low Risk,Regular customer relationship maintenance,Customer is likely to remain with the bank
721448283,1,0.999999,High Risk,Immediate retention campaign required,Customer is likely to churn based on behavioral patterns
782548758,0,1e-06,Low Risk,Regular customer relationship maintenance,Customer is likely to remain with the bank
717561108,0,0.0,Low Risk,Regular customer relationship maintenance,Customer is likely to remain with the bank
720585183,0,0.0,Low Risk,Regular customer relationship maintenance,Customer is likely to remain with the bank
714643983,0,1e-06,Low Risk,Regular customer relationship maintenance,Customer is likely to remain with the bank
712291308,0,0.0,Low Risk,Regular customer relationship maintenance,Customer is likely to remain with the bank
713036208,0,0.0,Low Risk,Regular customer relationship maintenance,Customer is likely to remain with the bank
709979583,0,0.000511,Low Risk,Regular customer relationship maintenance,Customer is likely to remain with the bank
717517758,0,1e-06,Low Risk,Regular customer relationship maintenance,Customer is likely to remain with the bank
717271983,0,1.1e-05,Low Risk,Regular customer relationship maintenance,Customer is likely to remain with the bank
718528008,0,0.0,Low Risk,Regular customer relationship maintenance,Customer is likely to remain with the bank
719118708,1,1.0,High Risk,Immediate retention campaign required,Customer is likely to churn based on behavioral patterns
708657033,0,0.0,Low Risk,Regular customer relationship maintenance,Customer is likely to remain with the bank
717489033,1,0.998952,High Risk,Immediate retention campaign required,Customer is likely to churn based on behavioral patterns
818926833,0,0.000172,Low Risk,Regular customer relationship maintenance,Customer is likely to remain with the bank
708338958,0,5.1e-05,Low Risk,Regular customer relationship maintenance,Customer is likely to remain with the bank
827683383,0,0.0,Low Risk,Regular customer relationship maintenance,Customer is likely to remain with the bank
717099408,0,9e-06,Low Risk,Regular customer relationship maintenance,Customer is likely to remain with the bank
716878533,0,0.0,Low Risk,Regular customer relationship maintenance,Customer is likely to remain with the bank
797410983,0,0.005336,Low Risk,Regular customer relationship maintenance,Customer is likely to remain with the bank
789625383,0,0.001207,Low Risk,Regular customer relationship maintenance,Customer is likely to remain with the bank
709701558,0,0.0,Low Risk,Regular customer relationship maintenance,Customer is likely to remain with the bank
708334158,0,0.0,Low Risk,Regular customer relationship maintenance,Customer is likely to remain with the bank
710638233,1,0.999907,High Risk,Immediate retention campaign required,Customer is likely to churn based on behavioral patterns
794496033,0,9e-06,Low Risk,Regular customer relationship maintenance,Customer is likely to remain with the bank
709738008,0,3e-06,Low Risk,Regular customer relationship maintenance,Customer is likely to remain with the bank
808756458,0,0.0,Low Risk,Regular customer relationship maintenance,Customer is likely to remain with the bank
710982858,0,0.0,Low Risk,Regular customer relationship maintenance,Customer is likely to remain with the bank
718451133,0,8.8e-05,Low Risk,Regular customer relationship maintenance,Customer is likely to remain with the bank
717991533,0,0.0,Low Risk,Regular customer relationship maintenance,Customer is likely to remain with the bank
713104458,1,1.0,High Risk,Immediate retention campaign required,Customer is likely to churn based on behavioral patterns
715783758,0,0.0,Low Risk,Regular customer relationship maintenance,Customer is likely to remain with the bank
716891583,0,0.0,Low Risk,Regular customer relationship maintenance,Customer is likely to remain with the bank
714557583,0,0.000153,Low Risk,Regular customer relationship maintenance,Customer is likely to remain with the bank
714840858,0,1e-06,Low Risk,Regular customer relationship maintenance,Customer is likely to remain with the bank
788911458,0,0.0,Low Risk,Regular customer relationship maintenance,Customer is likely to remain with the bank
712521783,0,1.6e-05,Low Risk,Regular customer relationship maintenance,Customer is likely to remain with the bank
716756133,0,0.000223,Low Risk,Regular customer relationship maintenance,Customer is likely to remain with the bank
793550958,0,7e-05,Low Risk,Regular customer relationship maintenance,Customer is likely to remain with the bank
768687183,0,0.0,Low Risk,Regular customer relationship maintenance,Customer is likely to remain with the bank
778170633,0,0.0,Low Risk,Regular customer relationship maintenance,Customer is likely to remain with the bank
789307833,0,1e-06,Low Risk,Regular customer relationship maintenance,Customer is likely to remain with the bank
718291233,0,0.0,Low Risk,Regular customer relationship maintenance,Customer is likely to remain with the bank
718984533,0,0.0,Low Risk,Regular customer relationship maintenance,Customer is likely to remain with the bank
794293908,0,0.00277,Low Risk,Regular customer relationship maintenance,Customer is likely to remain with the bank
708829758,0,5e-06,Low Risk,Regular customer relationship maintenance,Customer is likely to remain with the bank
717016833,0,1e-06,Low Risk,Regular customer relationship maintenance,Customer is likely to remain with the bank
711339258,0,1e-05,Low Risk,Regular customer relationship maintenance,Customer is likely to remain with the bank
708754833,0,7e-06,Low Risk,Regular customer relationship maintenance,Customer is likely to remain with the bank
716773533,0,6e-06,Low Risk,Regular customer relationship maintenance,Customer is likely to remain with the bank
788896983,0,0.0,Low Risk,Regular customer relationship maintenance,Customer is likely to remain with the bank
715694433,0,2e-06,Low Risk,Regular customer relationship maintenance,Customer is likely to remain with the bank
708403308,0,0.011718,Low Risk,Regular customer relationship maintenance,Customer is likely to remain with the bank
715511658,0,0.0,Low Risk,Regular customer relationship maintenance,Customer is likely to remain with the bank
717327783,0,6e-06,Low Risk,Regular customer relationship maintenance,Customer is likely to remain with the bank
717384183,0,3.1e-05,Low Risk,Regular customer relationship maintenance,Customer is likely to remain with the bank
818929158,0,0.00037,Low Risk,Regular customer relationship maintenance,Customer is likely to remain with the bank
789539058,0,6e-06,Low Risk,Regular customer relationship maintenance,Customer is likely to remain with the bank
718357458,0,0.000246,Low Risk,Regular customer relationship maintenance,Customer is likely to remain with the bank
709530408,0,8e-06,Low Risk,Regular customer relationship maintenance,Customer is likely to remain with the bank
826245858,1,1.0,High Risk,Immediate retention campaign required,Customer is likely to churn based on behavioral patterns
716800908,0,3.8e-05,Low Risk,Regular customer relationship maintenance,Customer is likely to remain with the bank
714425283,0,0.0,Low Risk,Regular customer relationship maintenance,Customer is likely to remain with the bank
718345233,0,0.15728,Low Risk,Regular customer relationship maintenance,Customer is likely to remain with the bank
713128833,0,0.004036,Low Risk,Regular customer relationship maintenance,Customer is likely to remain with the bank
769577358,0,0.0,Low Risk,Regular customer relationship maintenance,Customer is likely to remain with the bank
758824608,0,1.6e-05,Low Risk,Regular customer relationship maintenance,Customer is likely to remain with the bank
716742483,0,0.00117,Low Risk,Regular customer relationship maintenance,Customer is likely to remain with the bank
710905908,0,6e-05,Low Risk,Regular customer relationship maintenance,Customer is likely to remain with the bank
712902483,0,0.0,Low Risk,Regular customer relationship maintenance,Customer is likely to remain with the bank
772105608,0,2.4e-05,Low Risk,Regular customer relationship maintenance,Customer is likely to remain with the bank
809951133,1,0.999502,High Risk,Immediate retention campaign required,Customer is likely to churn based on behavioral patterns
710015733,1,0.999999,High Risk,Immediate retention campaign required,Customer is likely to churn based on behavioral patterns
716893683,1,1.0,High Risk,Immediate retention campaign required,Customer is likely to churn based on behavioral patterns
788808633,0,5.1e-05,Low Risk,Regular customer relationship maintenance,Customer is likely to remain with the bank
714100008,1,0.999974,High Risk,Immediate retention campaign required,Customer is likely to churn based on behavioral patterns
717211608,0,6.5e-05,Low Risk,Regular customer relationship maintenance,Customer is likely to remain with the bank
711008508,0,3e-06,Low Risk,Regular customer relationship maintenance,Customer is likely to remain with the bank
712899333,0,0.001154,Low Risk,Regular customer relationship maintenance,Customer is likely to remain with the bank
714091983,0,2e-05,Low Risk,Regular customer relationship maintenance,Customer is likely to remain with the bank
802878408,0,0.0,Low Risk,Regular customer relationship maintenance,Customer is likely to remain with the bank
715958583,0,2e-06,Low Risk,Regular customer relationship maintenance,Customer is likely to remain with the bank
716142858,0,8.1e-05,Low Risk,Regular customer relationship maintenance,Customer is likely to remain with the bank
720449208,0,0.0,Low Risk,Regular customer relationship maintenance,Customer is likely to remain with the bank
739021908,0,3.5e-05,Low Risk,Regular customer relationship maintenance,Customer is likely to remain with the bank
817035108,0,0.0,Low Risk,Regular customer relationship maintenance,Customer is likely to remain with the bank
718957083,0,0.0,Low Risk,Regular customer relationship maintenance,Customer is likely to remain with the bank
712084383,0,2e-06,Low Risk,Regular customer relationship maintenance,Customer is likely to remain with the bank
771952683,0,1.5e-05,Low Risk,Regular customer relationship maintenance,Customer is likely to remain with the bank
719782458,0,0.0,Low Risk,Regular customer relationship maintenance,Customer is likely to remain with the bank
721164483,0,8e-06,Low Risk,Regular customer relationship maintenance,Customer is likely to remain with the bank
806989008,0,0.0,Low Risk,Regular customer relationship maintenance,Customer is likely to remain with the bank
709624533,0,4.2e-05,Low Risk,Regular customer relationship maintenance,Customer is likely to remain with the bank
710570058,1,0.999858,High Risk,Immediate retention campaign required,Customer is likely to churn based on behavioral patterns
713114133,1,1.0,High Risk,Immediate retention campaign required,Customer is likely to churn based on behavioral patterns
771224358,0,7.4e-05,Low Risk,Regular customer relationship maintenance,Customer is likely to remain with the bank
809440008,1,1.0,High Risk,Immediate retention campaign required,Customer is likely to churn based on behavioral patterns
785515533,0,4.6e-05,Low Risk,Regular customer relationship maintenance,Customer is likely to remain with the bank
713709258,0,0.000271,Low Risk,Regular customer relationship maintenance,Customer is likely to remain with the bank
708104658,0,0.000372,Low Risk,Regular customer relationship maintenance,Customer is likely to remain with the bank
817958733,0,6e-06,Low Risk,Regular customer relationship maintenance,Customer is likely to remain with the bank
721183983,0,4.3e-05,Low Risk,Regular customer relationship maintenance,Customer is likely to remain with the bank
810220833,0,3.7e-05,Low Risk,Regular customer relationship maintenance,Customer is likely to remain with the bank
713373708,1,1.0,High Risk,Immediate retention campaign required,Customer is likely to churn based on behavioral patterns
715710708,0,0.0,Low Risk,Regular customer relationship maintenance,Customer is likely to remain with the bank
717443658,0,2.2e-05,Low Risk,Regular customer relationship maintenance,Customer is likely to remain with the bank
717915783,1,1.0,High Risk,Immediate retention campaign required,Customer is likely to churn based on behavioral patterns
779217333,0,1e-06,Low Risk,Regular customer relationship maintenance,Customer is likely to remain with the bank
710794983,0,1.8e-05,Low Risk,Regular customer relationship maintenance,Customer is likely to remain with the bank
795855258,0,7.5e-05,Low Risk,Regular customer relationship maintenance,Customer is likely to remain with the bank
788719533,0,0.012017,Low Risk,Regular customer relationship maintenance,Customer is likely to remain with the bank
720782658,0,0.0,Low Risk,Regular customer relationship maintenance,Customer is likely to remain with the bank
720034983,0,5e-06,Low Risk,Regular customer relationship maintenance,Customer is likely to remain with the bank
713536158,0,0.0,Low Risk,Regular customer relationship maintenance,Customer is likely to remain with the bank
755262933,0,1.7e-05,Low Risk,Regular customer relationship maintenance,Customer is likely to remain with the bank
719136183,0,7.4e-05,Low Risk,Regular customer relationship maintenance,Customer is likely to remain with the bank
715898058,0,3e-06,Low Risk,Regular customer relationship maintenance,Customer is likely to remain with the bank
716315508,1,0.999627,High Risk,Immediate retention campaign required,Customer is likely to churn based on behavioral patterns
788667408,0,0.000206,Low Risk,Regular customer relationship maintenance,Customer is likely to remain with the bank
768949983,0,6.5e-05,Low Risk,Regular customer relationship maintenance,Customer is likely to remain with the bank
778882758,0,2e-06,Low Risk,Regular customer relationship maintenance,Customer is likely to remain with the bank
709465758,0,0.000137,Low Risk,Regular customer relationship maintenance,Customer is likely to remain with the bank
719781183,0,3e-06,Low Risk,Regular customer relationship maintenance,Customer is likely to remain with the bank
720101658,0,9.4e-05,Low Risk,Regular customer relationship maintenance,Customer is likely to remain with the bank
713782608,0,1.1e-05,Low Risk,Regular customer relationship maintenance,Customer is likely to remain with the bank
802101858,0,0.001906,Low Risk,Regular customer relationship maintenance,Customer is likely to remain with the bank
708757233,0,0.0,Low Risk,Regular customer relationship maintenance,Customer is likely to remain with the bank
709711758,1,1.0,High Risk,Immediate retention campaign required,Customer is likely to churn based on behavioral patterns
772000533,0,3e-06,Low Risk,Regular customer relationship maintenance,Customer is likely to remain with the bank
720827133,1,1.0,High Risk,Immediate retention campaign required,Customer is likely to churn based on behavioral patterns
789903708,0,0.000121,Low Risk,Regular customer relationship maintenance,Customer is likely to remain with the bank
719855958,0,7e-06,Low Risk,Regular customer relationship maintenance,Customer is likely to remain with the bank
713254983,0,5.6e-05,Low Risk,Regular customer relationship maintenance,Customer is likely to remain with the bank
709120008,0,0.019841,Low Risk,Regular customer relationship maintenance,Customer is likely to remain with the bank
720927183,0,3e-06,Low Risk,Regular customer relationship maintenance,Customer is likely to remain with the bank
716875083,0,1.8e-05,Low Risk,Regular customer relationship maintenance,Customer is likely to remain with the bank
716988633,0,1e-05,Low Risk,Regular customer relationship maintenance,Customer is likely to remain with the bank
711553308,0,4e-06,Low Risk,Regular customer relationship maintenance,Customer is likely to remain with the bank
788802483,0,0.0,Low Risk,Regular customer relationship maintenance,Customer is likely to remain with the bank
708908883,0,2e-06,Low Risk,Regular customer relationship maintenance,Customer is likely to remain with the bank
712644483,0,0.0,Low Risk,Regular customer relationship maintenance,Customer is likely to remain with the bank
716311683,0,1e-06,Low Risk,Regular customer relationship maintenance,Customer is likely to remain with the bank
779707308,0,0.0,Low Risk,Regular customer relationship maintenance,Customer is likely to remain with the bank
720595083,0,0.002376,Low Risk,Regular customer relationship maintenance,Customer is likely to remain with the bank
715034358,0,0.000151,Low Risk,Regular customer relationship maintenance,Customer is likely to remain with the bank
720897783,0,0.0,Low Risk,Regular customer relationship maintenance,Customer is likely to remain with the bank
826513233,0,8e-06,Low Risk,Regular customer relationship maintenance,Customer is likely to remain with the bank
826065258,0,0.0,Low Risk,Regular customer relationship maintenance,Customer is likely to remain with the bank
772426383,0,1e-06,Low Risk,Regular customer relationship maintenance,Customer is likely to remain with the bank
717972408,0,2.1e-05,Low Risk,Regular customer relationship maintenance,Customer is likely to remain with the bank
708888633,1,1.0,High Risk,Immediate retention campaign required,Customer is likely to churn based on behavioral patterns
714916758,0,1e-05,Low Risk,Regular customer relationship maintenance,Customer is likely to remain with the bank
710888883,0,2e-06,Low Risk,Regular customer relationship maintenance,Customer is likely to remain with the bank
717296808,0,6.2e-05,Low Risk,Regular customer relationship maintenance,Customer is likely to remain with the bank
713847858,1,0.999707,High Risk,Immediate retention campaign required,Customer is likely to churn based on behavioral patterns
768728508,0,1e-06,Low Risk,Regular customer relationship maintenance,Customer is likely to remain with the bank
762020133,1,1.0,High Risk,Immediate retention campaign required,Customer is likely to churn based on behavioral patterns
710706558,0,0.052897,Low Risk,Regular customer relationship maintenance,Customer is likely to remain with the bank
709278258,1,0.999935,High Risk,Immediate retention campaign required,Customer is likely to churn based on behavioral patterns
710679933,1,0.999918,High Risk,Immediate retention campaign required,Customer is likely to churn based on behavioral patterns
713152383,0,3e-06,Low Risk,Regular customer relationship maintenance,Customer is likely to remain with the bank
771429408,0,5e-06,Low Risk,Regular customer relationship maintenance,Customer is likely to remain with the bank
770721858,0,5.7e-05,Low Risk,Regular customer relationship maintenance,Customer is likely to remain with the bank
778686408,0,1e-06,Low Risk,Regular customer relationship maintenance,Customer is likely to remain with the bank
771682533,0,1e-05,Low Risk,Regular customer relationship maintenance,Customer is likely to remain with the bank
712378983,1,1.0,High Risk,Immediate retention campaign required,Customer is likely to churn based on behavioral patterns
714615258,1,0.999997,High Risk,Immediate retention campaign required,Customer is likely to churn based on behavioral patterns
713027058,1,1.0,High Risk,Immediate retention campaign required,Customer is likely to churn based on behavioral patterns
789485433,0,0.0,Low Risk,Regular customer relationship maintenance,Customer is likely to remain with the bank
716368008,1,0.983187,High Risk,Immediate retention campaign required,Customer is likely to churn based on behavioral patterns
771935283,0,2e-06,Low Risk,Regular customer relationship maintenance,Customer is likely to remain with the bank
779315508,1,0.999876,High Risk,Immediate retention campaign required,Customer is likely to churn based on behavioral patterns
794843883,0,0.0,Low Risk,Regular customer relationship maintenance,Customer is likely to remain with the bank
822084333,1,0.999999,High Risk,Immediate retention campaign required,Customer is likely to churn based on behavioral patterns
714893733,0,0.0052,Low Risk,Regular customer relationship maintenance,Customer is likely to remain with the bank
719474583,0,1e-05,Low Risk,Regular customer relationship maintenance,Customer is likely to remain with the bank
717141858,0,9e-06,Low Risk,Regular customer relationship maintenance,Customer is likely to remain with the bank
712714008,0,0.0,Low Risk,Regular customer relationship maintenance,Customer is likely to remain with the bank
719570733,0,0.000178,Low Risk,Regular customer relationship maintenance,Customer is likely to remain with the bank
720980958,0,1.1e-05,Low Risk,Regular customer relationship maintenance,Customer is likely to remain with the bank
720964683,0,0.000244,Low Risk,Regular customer relationship maintenance,Customer is likely to remain with the bank
718263108,1,0.999618,High Risk,Immediate retention campaign required,Customer is likely to churn based on behavioral patterns
789101883,0,0.002631,Low Risk,Regular customer relationship maintenance,Customer is likely to remain with the bank
809292483,0,0.000256,Low Risk,Regular customer relationship maintenance,Customer is likely to remain with the bank
778973658,0,6e-06,Low Risk,Regular customer relationship maintenance,Customer is likely to remain with the bank
708560733,0,5.4e-05,Low Risk,Regular customer relationship maintenance,Customer is likely to remain with the bank
721171008,0,0.00057,Low Risk,Regular customer relationship maintenance,Customer is likely to remain with the bank
781297983,0,0.001135,Low Risk,Regular customer relationship maintenance,Customer is likely to remain with the bank
778228458,0,0.013532,Low Risk,Regular customer relationship maintenance,Customer is likely to remain with the bank
797668983,0,1e-06,Low Risk,Regular customer relationship maintenance,Customer is likely to remain with the bank
713492583,1,0.999938,High Risk,Immediate retention campaign required,Customer is likely to churn based on behavioral patterns
715799808,1,1.0,High Risk,Immediate retention campaign required,Customer is likely to churn based on behavioral patterns
711647808,0,0.000351,Low Risk,Regular customer relationship maintenance,Customer is likely to remain with the bank
720840108,0,0.000362,Low Risk,Regular customer relationship maintenance,Customer is likely to remain with the bank
711349083,0,0.098684,Low Risk,Regular customer relationship maintenance,Customer is likely to remain with the bank
721247883,0,0.0,Low Risk,Regular customer relationship maintenance,Customer is likely to remain with the bank
720497958,0,0.000281,Low Risk,Regular customer relationship maintenance,Customer is likely to remain with the bank
719466558,0,9.1e-05,Low Risk,Regular customer relationship maintenance,Customer is likely to remain with the bank
753220383,1,1.0,High Risk,Immediate retention campaign required,Customer is likely to churn based on behavioral patterns
757481283,0,1.3e-05,Low Risk,Regular customer relationship maintenance,Customer is likely to remain with the bank
778506633,1,1.0,High Risk,Immediate retention campaign required,Customer is likely to churn based on behavioral patterns
819634233,1,0.999996,High Risk,Immediate retention campaign required,Customer is likely to churn based on behavioral patterns
753795633,1,0.999974,High Risk,Immediate retention campaign required,Customer is likely to churn based on behavioral patterns
715435758,0,1e-06,Low Risk,Regular customer relationship maintenance,Customer is likely to remain with the bank
772063308,0,0.0,Low Risk,Regular customer relationship maintenance,Customer is likely to remain with the bank
718205283,0,0.0,Low Risk,Regular customer relationship maintenance,Customer is likely to remain with the bank
720863133,0,0.0,Low Risk,Regular customer relationship maintenance,Customer is likely to remain with the bank
709288383,0,0.0,Low Risk,Regular customer relationship maintenance,Customer is likely to remain with the bank
709213458,1,1.0,High Risk,Immediate retention campaign required,Customer is likely to churn based on behavioral patterns
708670608,0,1e-06,Low Risk,Regular customer relationship maintenance,Customer is likely to remain with the bank
709150608,0,0.032553,Low Risk,Regular customer relationship maintenance,Customer is likely to remain with the bank
713105508,0,0.000162,Low Risk,Regular customer relationship maintenance,Customer is likely to remain with the bank
716303583,0,2e-06,Low Risk,Regular customer relationship maintenance,Customer is likely to remain with the bank
787669233,0,9e-06,Low Risk,Regular customer relationship maintenance,Customer is likely to remain with the bank
771488583,0,9e-06,Low Risk,Regular customer relationship maintenance,Customer is likely to remain with the bank
708269583,0,0.0,Low Risk,Regular customer relationship maintenance,Customer is likely to remain with the bank
779809908,0,0.0,Low Risk,Regular customer relationship maintenance,Customer is likely to remain with the bank
720973833,0,4.7e-05,Low Risk,Regular customer relationship maintenance,Customer is likely to remain with the bank
720236433,0,1e-06,Low Risk,Regular customer relationship maintenance,Customer is likely to remain with the bank
717895833,0,0.0,Low Risk,Regular customer relationship maintenance,Customer is likely to remain with the bank
718921683,0,3e-06,Low Risk,Regular customer relationship maintenance,Customer is likely to remain with the bank
713828208,0,0.0,Low Risk,Regular customer relationship maintenance,Customer is likely to remain with the bank
779241783,0,2.2e-05,Low Risk,Regular customer relationship maintenance,Customer is likely to remain with the bank
797241108,0,6e-06,Low Risk,Regular customer relationship maintenance,Customer is likely to remain with the bank
716635758,0,9e-06,Low Risk,Regular customer relationship maintenance,Customer is likely to remain with the bank
714536208,0,0.000331,Low Risk,Regular customer relationship maintenance,Customer is likely to remain with the bank
709372608,0,0.0,Low Risk,Regular customer relationship maintenance,Customer is likely to remain with the bank
769574883,0,0.007631,Low Risk,Regular customer relationship maintenance,Customer is likely to remain with the bank
718286658,0,1e-06,Low Risk,Regular customer relationship maintenance,Customer is likely to remain with the bank
714839808,0,1.7e-05,Low Risk,Regular customer relationship maintenance,Customer is likely to remain with the bank
718342158,1,0.997142,High Risk,Immediate retention campaign required,Customer is likely to churn based on behavioral patterns
778573233,0,0.0,Low Risk,Regular customer relationship maintenance,Customer is likely to remain with the bank
715680933,0,7e-05,Low Risk,Regular customer relationship maintenance,Customer is likely to remain with the bank
708396033,0,0.0,Low Risk,Regular customer relationship maintenance,Customer is likely to remain with the bank
713356833,0,5.8e-05,Low Risk,Regular customer relationship maintenance,Customer is likely to remain with the bank
814593858,0,1.7e-05,Low Risk,Regular customer relationship maintenance,Customer is likely to remain with the bank
771592458,0,0.0,Low Risk,Regular customer relationship maintenance,Customer is likely to remain with the bank
827631483,0,0.0,Low Risk,Regular customer relationship maintenance,Customer is likely to remain with the bank
811721133,0,2e-05,Low Risk,Regular customer relationship maintenance,Customer is likely to remain with the bank
720443358,0,0.0,Low Risk,Regular customer relationship maintenance,Customer is likely to remain with the bank
709477233,0,0.0,Low Risk,Regular customer relationship maintenance,Customer is likely to remain with the bank
711942783,0,0.000601,Low Risk,Regular customer relationship maintenance,Customer is likely to remain with the bank
768848658,0,4.6e-05,Low Risk,Regular customer relationship maintenance,Customer is likely to remain with the bank
788772708,0,0.0,Low Risk,Regular customer relationship maintenance,Customer is likely to remain with the bank
717109983,0,0.0,Low Risk,Regular customer relationship maintenance,Customer is likely to remain with the bank
712128258,0,0.004758,Low Risk,Regular customer relationship maintenance,Customer is likely to remain with the bank
720621408,0,0.014708,Low Risk,Regular customer relationship maintenance,Customer is likely to remain with the bank
710295858,0,0.0,Low Risk,Regular customer relationship maintenance,Customer is likely to remain with the bank
714647808,0,5e-06,Low Risk,Regular customer relationship maintenance,Customer is likely to remain with the bank
712374708,0,0.0,Low Risk,Regular customer relationship maintenance,Customer is likely to remain with the bank
715547058,1,0.999996,High Risk,Immediate retention campaign required,Customer is likely to churn based on behavioral patterns
720539583,0,0.0,Low Risk,Regular customer relationship maintenance,Customer is likely to remain with the bank
712952283,0,0.0,Low Risk,Regular customer relationship maintenance,Customer is likely to remain with the bank
710475408,0,1e-06,Low Risk,Regular customer relationship maintenance,Customer is likely to remain with the bank
715007583,0,0.0,Low Risk,Regular customer relationship maintenance,Customer is likely to remain with the bank
713061558,0,0.074282,Low Risk,Regular customer relationship maintenance,Customer is likely to remain with the bank
772288758,0,2e-06,Low Risk,Regular customer relationship maintenance,Customer is likely to remain with the bank
713977308,0,0.0,Low Risk,Regular customer relationship maintenance,Customer is likely to remain with the bank
801064833,0,1e-06,Low Risk,Regular customer relationship maintenance,Customer is likely to remain with the bank
708129933,0,6.9e-05,Low Risk,Regular customer relationship maintenance,Customer is likely to remain with the bank
789167658,0,0.000973,Low Risk,Regular customer relationship maintenance,Customer is likely to remain with the bank
720286908,0,0.0,Low Risk,Regular customer relationship maintenance,Customer is likely to remain with the bank
716565258,0,0.000129,Low Risk,Regular customer relationship maintenance,Customer is likely to remain with the bank
708564858,1,0.999975,High Risk,Immediate retention campaign required,Customer is likely to churn based on behavioral patterns
778895883,0,2.9e-05,Low Risk,Regular customer relationship maintenance,Customer is likely to remain with the bank
709410033,0,0.000112,Low Risk,Regular customer relationship maintenance,Customer is likely to remain with the bank
710745633,0,1e-06,Low Risk,Regular customer relationship maintenance,Customer is likely to remain with the bank
709008708,0,0.0,Low Risk,Regular customer relationship maintenance,Customer is likely to remain with the bank
714738858,0,0.0,Low Risk,Regular customer relationship maintenance,Customer is likely to remain with the bank
713639058,1,1.0,High Risk,Immediate retention campaign required,Customer is likely to churn based on behavioral patterns
719739108,0,2e-06,Low Risk,Regular customer relationship maintenance,Customer is likely to remain with the bank
826079508,0,0.0,Low Risk,Regular customer relationship maintenance,Customer is likely to remain with the bank
710795883,0,0.0,Low Risk,Regular customer relationship maintenance,Customer is likely to remain with the bank
710404533,0,4e-06,Low Risk,Regular customer relationship maintenance,Customer is likely to remain with the bank
719359458,0,0.01696,Low Risk,Regular customer relationship maintenance,Customer is likely to remain with the bank
821837958,0,0.000657,Low Risk,Regular customer relationship maintenance,Customer is likely to remain with the bank
710691633,0,3.8e-05,Low Risk,Regular customer relationship maintenance,Customer is likely to remain with the bank
779296908,0,0.031647,Low Risk,Regular customer relationship maintenance,Customer is likely to remain with the bank
710797833,0,0.0,Low Risk,Regular customer relationship maintenance,Customer is likely to remain with the bank
804337233,0,0.0,Low Risk,Regular customer relationship maintenance,Customer is likely to remain with the bank
713823033,1,1.0,High Risk,Immediate retention campaign required,Customer is likely to churn based on behavioral patterns
720076458,0,3e-06,Low Risk,Regular customer relationship maintenance,Customer is likely to remain with the bank
809818008,0,8e-06,Low Risk,Regular customer relationship maintenance,Customer is likely to remain with the bank
717376758,0,0.0,Low Risk,Regular customer relationship maintenance,Customer is likely to remain with the bank
795844983,0,0.0,Low Risk,Regular customer relationship maintenance,Customer is likely to remain with the bank
789368658,0,0.00025,Low Risk,Regular customer relationship maintenance,Customer is likely to remain with the bank
720462633,0,0.0,Low Risk,Regular customer relationship maintenance,Customer is likely to remain with the bank
708938508,0,0.000146,Low Risk,Regular customer relationship maintenance,Customer is likely to remain with the bank
709560258,1,0.999999,High Risk,Immediate retention campaign required,Customer is likely to churn based on behavioral patterns
717513933,0,4e-06,Low Risk,Regular customer relationship maintenance,Customer is likely to remain with the bank
711113958,0,3.4e-05,Low Risk,Regular customer relationship maintenance,Customer is likely to remain with the bank
713995233,0,2e-06,Low Risk,Regular customer relationship maintenance,Customer is likely to remain with the bank
717906783,0,0.001007,Low Risk,Regular customer relationship maintenance,Customer is likely to remain with the bank
716516208,0,0.000109,Low Risk,Regular customer relationship maintenance,Customer is likely to remain with the bank
756658083,0,2.2e-05,Low Risk,Regular customer relationship maintenance,Customer is likely to remain with the bank
718692258,0,4.1e-05,Low Risk,Regular customer relationship maintenance,Customer is likely to remain with the bank
719816583,1,0.999897,High Risk,Immediate retention campaign required,Customer is likely to churn based on behavioral patterns
787578183,0,0.0,Low Risk,Regular customer relationship maintenance,Customer is likely to remain with the bank
788699808,0,0.002651,Low Risk,Regular customer relationship maintenance,Customer is likely to remain with the bank
809320908,0,3.8e-05,Low Risk,Regular customer relationship maintenance,Customer is likely to remain with the bank
789942033,1,0.999679,High Risk,Immediate retention campaign required,Customer is likely to churn based on behavioral patterns
714006333,1,0.999589,High Risk,Immediate retention campaign required,Customer is likely to churn based on behavioral patterns
710813733,0,1e-06,Low Risk,Regular customer relationship maintenance,Customer is likely to remain with the bank
711679533,0,0.000215,Low Risk,Regular customer relationship maintenance,Customer is likely to remain with the bank
709212183,0,1.2e-05,Low Risk,Regular customer relationship maintenance,Customer is likely to remain with the bank
807523008,0,0.0,Low Risk,Regular customer relationship maintenance,Customer is likely to remain with the bank
787480158,0,0.0,Low Risk,Regular customer relationship maintenance,Customer is likely to remain with the bank
711272058,0,0.0,Low Risk,Regular customer relationship maintenance,Customer is likely to remain with the bank
720033033,0,0.0,Low Risk,Regular customer relationship maintenance,Customer is likely to remain with the bank
794124708,0,4.8e-05,Low Risk,Regular customer relationship maintenance,Customer is likely to remain with the bank
790164408,0,0.000118,Low Risk,Regular customer relationship maintenance,Customer is likely to remain with the bank
714831033,0,4.7e-05,Low Risk,Regular customer relationship maintenance,Customer is likely to remain with the bank
718731183,1,0.999998,High Risk,Immediate retention campaign required,Customer is likely to churn based on behavioral patterns
827888433,0,0.000101,Low Risk,Regular customer relationship maintenance,Customer is likely to remain with the bank
711992133,0,0.0,Low Risk,Regular customer relationship maintenance,Customer is likely to remain with the bank
711809283,0,3e-06,Low Risk,Regular customer relationship maintenance,Customer is likely to remain with the bank
714574083,0,0.00191,Low Risk,Regular customer relationship maintenance,Customer is likely to remain with the bank
769189083,0,9e-06,Low Risk,Regular customer relationship maintenance,Customer is likely to remain with the bank
711968358,0,3e-06,Low Risk,Regular customer relationship maintenance,Customer is likely to remain with the bank
711750183,0,0.000537,Low Risk,Regular customer relationship maintenance,Customer is likely to remain with the bank
716511483,0,0.0,Low Risk,Regular customer relationship maintenance,Customer is likely to remain with the bank
800869758,0,4.6e-05,Low Risk,Regular customer relationship maintenance,Customer is likely to remain with the bank
715235808,0,0.0,Low Risk,Regular customer relationship maintenance,Customer is likely to remain with the bank
714199983,0,0.0,Low Risk,Regular customer relationship maintenance,Customer is likely to remain with the bank
718540308,0,0.0,Low Risk,Regular customer relationship maintenance,Customer is likely to remain with the bank
716460933,0,6e-06,Low Risk,Regular customer relationship maintenance,Customer is likely to remain with the bank
780277458,0,0.0,Low Risk,Regular customer relationship maintenance,Customer is likely to remain with the bank
798011733,0,0.0,Low Risk,Regular customer relationship maintenance,Customer is likely to remain with the bank
714046608,0,0.000651,Low Risk,Regular customer relationship maintenance,Customer is likely to remain with the bank
713396358,0,7e-06,Low Risk,Regular customer relationship maintenance,Customer is likely to remain with the bank
714005508,0,3.6e-05,Low Risk,Regular customer relationship maintenance,Customer is likely to remain with the bank
717444558,0,2e-06,Low Risk,Regular customer relationship maintenance,Customer is likely to remain with the bank
713905608,0,0.00035,Low Risk,Regular customer relationship maintenance,Customer is likely to remain with the bank
711126483,0,0.000663,Low Risk,Regular customer relationship maintenance,Customer is likely to remain with the bank
714602658,1,1.0,High Risk,Immediate retention campaign required,Customer is likely to churn based on behavioral patterns
716019333,0,0.0,Low Risk,Regular customer relationship maintenance,Customer is likely to remain with the bank
714869958,0,0.0,Low Risk,Regular customer relationship maintenance,Customer is likely to remain with the bank
778459833,0,2e-06,Low Risk,Regular customer relationship maintenance,Customer is likely to remain with the bank
789309558,0,0.000137,Low Risk,Regular customer relationship maintenance,Customer is likely to remain with the bank
756736008,0,0.000643,Low Risk,Regular customer relationship maintenance,Customer is likely to remain with the bank
779883933,0,7.7e-05,Low Risk,Regular customer relationship maintenance,Customer is likely to remain with the bank
709343433,0,1.7e-05,Low Risk,Regular customer relationship maintenance,Customer is likely to remain with the bank
806908608,0,5e-06,Low Risk,Regular customer relationship maintenance,Customer is likely to remain with the bank
720521808,0,0.004498,Low Risk,Regular customer relationship maintenance,Customer is likely to remain with the bank
709523508,0,2.3e-05,Low Risk,Regular customer relationship maintenance,Customer is likely to remain with the bank
708373083,1,0.997422,High Risk,Immediate retention campaign required,Customer is likely to churn based on behavioral patterns
713325108,0,0.000725,Low Risk,Regular customer relationship maintenance,Customer is likely to remain with the bank
819214233,0,6.3e-05,Low Risk,Regular customer relationship maintenance,Customer is likely to remain with the bank
713188383,0,6.7e-05,Low Risk,Regular customer relationship maintenance,Customer is likely to remain with the bank
770778108,0,0.0,Low Risk,Regular customer relationship maintenance,Customer is likely to remain with the bank
716610558,0,0.002904,Low Risk,Regular customer relationship maintenance,Customer is likely to remain with the bank
715174158,0,0.000621,Low Risk,Regular customer relationship maintenance,Customer is likely to remain with the bank
779608083,0,4.8e-05,Low Risk,Regular customer relationship maintenance,Customer is likely to remain with the bank
780200208,0,6.2e-05,Low Risk,Regular customer relationship maintenance,Customer is likely to remain with the bank
718675158,1,1.0,High Risk,Immediate retention campaign required,Customer is likely to churn based on behavioral patterns
817977933,1,0.999997,High Risk,Immediate retention campaign required,Customer is likely to churn based on behavioral patterns
755273658,0,0.0,Low Risk,Regular customer relationship maintenance,Customer is likely to remain with the bank
715022133,0,9.8e-05,Low Risk,Regular customer relationship maintenance,Customer is likely to remain with the bank
719804208,0,0.0,Low Risk,Regular customer relationship maintenance,Customer is likely to remain with the bank
780056733,0,0.000179,Low Risk,Regular customer relationship maintenance,Customer is likely to remain with the bank
780373233,0,2e-06,Low Risk,Regular customer relationship maintenance,Customer is likely to remain with the bank
817188408,0,1.5e-05,Low Risk,Regular customer relationship maintenance,Customer is likely to remain with the bank
772073508,1,1.0,High Risk,Immediate retention campaign required,Customer is likely to churn based on behavioral patterns
803805483,0,1e-06,Low Risk,Regular customer relationship maintenance,Customer is likely to remain with the bank
717823383,0,0.0,Low Risk,Regular customer relationship maintenance,Customer is likely to remain with the bank
789907533,1,1.0,High Risk,Immediate retention campaign required,Customer is likely to churn based on behavioral patterns
788259558,0,1.3e-05,Low Risk,Regular customer relationship maintenance,Customer is likely to remain with the bank
815515158,0,0.0,Low Risk,Regular customer relationship maintenance,Customer is likely to remain with the bank
713884458,0,4.7e-05,Low Risk,Regular customer relationship maintenance,Customer is likely to remain with the bank
789717708,0,0.0,Low Risk,Regular customer relationship maintenance,Customer is likely to remain with the bank
708160008,0,0.0,Low Risk,Regular customer relationship maintenance,Customer is likely to remain with the bank
708702258,1,0.999998,High Risk,Immediate retention campaign required,Customer is likely to churn based on behavioral patterns
789023508,0,6e-06,Low Risk,Regular customer relationship maintenance,Customer is likely to remain with the bank
719265108,0,2.1e-05,Low Risk,Regular customer relationship maintenance,Customer is likely to remain with the bank
813213558,0,0.000211,Low Risk,Regular customer relationship maintenance,Customer is likely to remain with the bank
802460433,1,1.0,High Risk,Immediate retention campaign required,Customer is likely to churn based on behavioral patterns
717995958,0,0.0,Low Risk,Regular customer relationship maintenance,Customer is likely to remain with the bank
710697408,0,0.0,Low Risk,Regular customer relationship maintenance,Customer is likely to remain with the bank
805458933,0,2.9e-05,Low Risk,Regular customer relationship maintenance,Customer is likely to remain with the bank
713850783,0,2.2e-05,Low Risk,Regular customer relationship maintenance,Customer is likely to remain with the bank
713876958,0,0.000173,Low Risk,Regular customer relationship maintenance,Customer is likely to remain with the bank
718926258,0,2e-06,Low Risk,Regular customer relationship maintenance,Customer is likely to remain with the bank
717585858,0,0.0,Low Risk,Regular customer relationship maintenance,Customer is likely to remain with the bank
710303208,0,2e-06,Low Risk,Regular customer relationship maintenance,Customer is likely to remain with the bank
770647233,0,7.4e-05,Low Risk,Regular customer relationship maintenance,Customer is likely to remain with the bank
715459158,0,0.0,Low Risk,Regular customer relationship maintenance,Customer is likely to remain with the bank
789185508,0,0.000102,Low Risk,Regular customer relationship maintenance,Customer is likely to remain with the bank
779305008,0,1.4e-05,Low Risk,Regular customer relationship maintenance,Customer is likely to remain with the bank
713343333,0,4.9e-05,Low Risk,Regular customer relationship maintenance,Customer is likely to remain with the bank
749067633,0,0.000736,Low Risk,Regular customer relationship maintenance,Customer is likely to remain with the bank
811713408,0,3e-06,Low Risk,Regular customer relationship maintenance,Customer is likely to remain with the bank
789990333,0,0.001124,Low Risk,Regular customer relationship maintenance,Customer is likely to remain with the bank
788770908,0,0.000332,Low Risk,Regular customer relationship maintenance,Customer is likely to remain with the bank
709411383,0,0.0,Low Risk,Regular customer relationship maintenance,Customer is likely to remain with the bank
708361833,0,0.000242,Low Risk,Regular customer relationship maintenance,Customer is likely to remain with the bank
712801758,0,1e-06,Low Risk,Regular customer relationship maintenance,Customer is likely to remain with the bank
721179708,0,1e-06,Low Risk,Regular customer relationship maintenance,Customer is likely to remain with the bank
708511983,0,7e-06,Low Risk,Regular customer relationship maintenance,Customer is likely to remain with the bank
711388458,0,0.001616,Low Risk,Regular customer relationship maintenance,Customer is likely to remain with the bank
720486408,0,0.000315,Low Risk,Regular customer relationship maintenance,Customer is likely to remain with the bank
709157133,0,1e-06,Low Risk,Regular customer relationship maintenance,Customer is likely to remain with the bank
712240083,1,0.999992,High Risk,Immediate retention campaign required,Customer is likely to churn based on behavioral patterns
782802033,1,0.999995,High Risk,Immediate retention campaign required,Customer is likely to churn based on behavioral patterns
712091433,0,0.000142,Low Risk,Regular customer relationship maintenance,Customer is likely to remain with the bank
720494058,0,4e-06,Low Risk,Regular customer relationship maintenance,Customer is likely to remain with the bank
710277183,0,0.0,Low Risk,Regular customer relationship maintenance,Customer is likely to remain with the bank
789804933,0,4e-06,Low Risk,Regular customer relationship maintenance,Customer is likely to remain with the bank
719022558,0,3e-06,Low Risk,Regular customer relationship maintenance,Customer is likely to remain with the bank
714573258,0,0.000162,Low Risk,Regular customer relationship maintenance,Customer is likely to remain with the bank
709919283,0,1e-06,Low Risk,Regular customer relationship maintenance,Customer is likely to remain with the bank
716481408,0,4.3e-05,Low Risk,Regular customer relationship maintenance,Customer is likely to remain with the bank
719038008,0,0.000148,Low Risk,Regular customer relationship maintenance,Customer is likely to remain with the bank
793456983,0,3e-06,Low Risk,Regular customer relationship maintenance,Customer is likely to remain with the bank
720597108,1,0.999989,High Risk,Immediate retention campaign required,Customer is likely to churn based on behavioral patterns
715233108,0,1e-06,Low Risk,Regular customer relationship maintenance,Customer is likely to remain with the bank
709220583,0,0.000146,Low Risk,Regular customer relationship maintenance,Customer is likely to remain with the bank
779324358,0,0.024742,Low Risk,Regular customer relationship maintenance,Customer is likely to remain with the bank
712112733,0,1e-06,Low Risk,Regular customer relationship maintenance,Customer is likely to remain with the bank
714443058,1,1.0,High Risk,Immediate retention campaign required,Customer is likely to churn based on behavioral patterns
711109908,0,1e-06,Low Risk,Regular customer relationship maintenance,Customer is likely to remain with the bank
717464958,0,6.1e-05,Low Risk,Regular customer relationship maintenance,Customer is likely to remain with the bank
713701533,0,0.0,Low Risk,Regular customer relationship maintenance,Customer is likely to remain with the bank
772565883,0,1e-06,Low Risk,Regular customer relationship maintenance,Customer is likely to remain with the bank
758765808,0,0.261207,Low Risk,Regular customer relationship maintenance,Customer is likely to remain with the bank
716851908,0,2.8e-05,Low Risk,Regular customer relationship maintenance,Customer is likely to remain with the bank
721500108,0,0.0,Low Risk,Regular customer relationship maintenance,Customer is likely to remain with the bank
820268358,0,0.0,Low Risk,Regular customer relationship maintenance,Customer is likely to remain with the bank
717171408,0,0.000156,Low Risk,Regular customer relationship maintenance,Customer is likely to remain with the bank
713567958,0,9.4e-05,Low Risk,Regular customer relationship maintenance,Customer is likely to remain with the bank
716512383,0,0.037755,Low Risk,Regular customer relationship maintenance,Customer is likely to remain with the bank
713008308,0,0.000261,Low Risk,Regular customer relationship maintenance,Customer is likely to remain with the bank
780942633,0,0.004789,Low Risk,Regular customer relationship maintenance,Customer is likely to remain with the bank
716249508,0,0.0,Low Risk,Regular customer relationship maintenance,Customer is likely to remain with the bank
714909108,0,0.00021,Low Risk,Regular customer relationship maintenance,Customer is likely to remain with the bank
778708533,1,0.99999,High Risk,Immediate retention campaign required,Customer is likely to churn based on behavioral patterns
772725408,0,0.0,Low Risk,Regular customer relationship maintenance,Customer is likely to remain with the bank
709534083,1,1.0,High Risk,Immediate retention campaign required,Customer is likely to churn based on behavioral patterns
817144458,0,0.0,Low Risk,Regular customer relationship maintenance,Customer is likely to remain with the bank
807157833,0,0.0,Low Risk,Regular customer relationship maintenance,Customer is likely to remain with the bank
716371308,0,0.00067,Low Risk,Regular customer relationship maintenance,Customer is likely to remain with the bank
716332533,0,0.00045,Low Risk,Regular customer relationship maintenance,Customer is likely to remain with the bank
716924958,1,1.0,High Risk,Immediate retention campaign required,Customer is likely to churn based on behavioral patterns
720904233,0,7e-06,Low Risk,Regular customer relationship maintenance,Customer is likely to remain with the bank
711964533,0,2e-06,Low Risk,Regular customer relationship maintenance,Customer is likely to remain with the bank
788715483,0,0.0,Low Risk,Regular customer relationship maintenance,Customer is likely to remain with the bank
788832033,0,1e-05,Low Risk,Regular customer relationship maintenance,Customer is likely to remain with the bank
716022258,1,0.998995,High Risk,Immediate retention campaign required,Customer is likely to churn based on behavioral patterns
712208658,0,0.0,Low Risk,Regular customer relationship maintenance,Customer is likely to remain with the bank
710482533,0,5e-06,Low Risk,Regular customer relationship maintenance,Customer is likely to remain with the bank
717661908,0,0.0,Low Risk,Regular customer relationship maintenance,Customer is likely to remain with the bank
720254883,0,1e-06,Low Risk,Regular customer relationship maintenance,Customer is likely to remain with the bank
719532108,0,0.002308,Low Risk,Regular customer relationship maintenance,Customer is likely to remain with the bank
779610033,1,1.0,High Risk,Immediate retention campaign required,Customer is likely to churn based on behavioral patterns
819977058,0,0.0,Low Risk,Regular customer relationship maintenance,Customer is likely to remain with the bank
772202058,0,0.000214,Low Risk,Regular customer relationship maintenance,Customer is likely to remain with the bank
717658758,0,0.0,Low Risk,Regular customer relationship maintenance,Customer is likely to remain with the bank
720467583,0,0.0,Low Risk,Regular customer relationship maintenance,Customer is likely to remain with the bank
713314533,1,1.0,High Risk,Immediate retention campaign required,Customer is likely to churn based on behavioral patterns
719318583,1,0.999994,High Risk,Immediate retention campaign required,Customer is likely to churn based on behavioral patterns
789122808,1,0.999992,High Risk,Immediate retention campaign required,Customer is likely to churn based on behavioral patterns
708525108,0,0.0,Low Risk,Regular customer relationship maintenance,Customer is likely to remain with the bank
779662308,0,6e-06,Low Risk,Regular customer relationship maintenance,Customer is likely to remain with the bank
717180633,0,1.8e-05,Low Risk,Regular customer relationship maintenance,Customer is likely to remain with the bank
713000058,0,0.035771,Low Risk,Regular customer relationship maintenance,Customer is likely to remain with the bank
709747308,0,1e-05,Low Risk,Regular customer relationship maintenance,Customer is likely to remain with the bank
712235433,1,0.999989,High Risk,Immediate retention campaign required,Customer is likely to churn based on behavioral patterns
712405908,0,1e-06,Low Risk,Regular customer relationship maintenance,Customer is likely to remain with the bank
778885158,0,0.0,Low Risk,Regular customer relationship maintenance,Customer is likely to remain with the bank
789143283,0,1e-06,Low Risk,Regular customer relationship maintenance,Customer is likely to remain with the bank
721233033,1,1.0,High Risk,Immediate retention campaign required,Customer is likely to churn based on behavioral patterns
718486608,0,0.0,Low Risk,Regular customer relationship maintenance,Customer is likely to remain with the bank
713249883,0,0.000247,Low Risk,Regular customer relationship maintenance,Customer is likely to remain with the bank
797743233,0,0.0,Low Risk,Regular customer relationship maintenance,Customer is likely to remain with the bank
778346283,0,0.000101,Low Risk,Regular customer relationship maintenance,Customer is likely to remain with the bank
721113333,0,3.1e-05,Low Risk,Regular customer relationship maintenance,Customer is likely to remain with the bank
720707283,0,0.003631,Low Risk,Regular customer relationship maintenance,Customer is likely to remain with the bank
788997408,0,6.1e-05,Low Risk,Regular customer relationship maintenance,Customer is likely to remain with the bank
710456658,0,1e-06,Low Risk,Regular customer relationship maintenance,Customer is likely to remain with the bank
808796208,0,1.1e-05,Low Risk,Regular customer relationship maintenance,Customer is likely to remain with the bank
713685033,1,0.999999,High Risk,Immediate retention campaign required,Customer is likely to churn based on behavioral patterns
788912658,0,0.0,Low Risk,Regular customer relationship maintenance,Customer is likely to remain with the bank
712157958,1,1.0,High Risk,Immediate retention campaign required,Customer is likely to churn based on behavioral patterns
711148308,0,0.0,Low Risk,Regular customer relationship maintenance,Customer is likely to remain with the bank
719117433,0,0.006078,Low Risk,Regular customer relationship maintenance,Customer is likely to remain with the bank
